rank,address,name,slug,schema_name
1,0xbc4ca0eda7647a8ab7c2061c2e118a18a936f13d,Bored Ape Yacht Club,boredapeyachtclub,ERC721
2,0xb47e3cd837ddf8e4c57f05d70ab865de6e193bbb,CryptoPunks,cryptopunks,CRYPTOPUNKS
3,0x60e4d786628fea6478f785a6d7e704777c86a7c6,Mutant Ape Yacht Club,mutant-ape-yacht-club,ERC721
4,0xed5af388653567af2f388e6224dc7c4b3241c544,Azuki,azuki,ERC721
5,0x34d85c9cdeb23fa97cb08333b511ac86e1c4e258,Otherdeed,otherdeed,ERC721
6,0x49cf6f5d44e70224e2e23fdcdd2c053f30ada28b,CloneX,clonex,ERC721
7,0xb7f7f6c52f2e2fdb1963eab30438024864c313f6,Wrapped Cryptopunks,wrapped-cryptopunks,ERC721
8,0x23581767a106ae21c074b2276d25e5c3e136a68b,Moonbirds,proof-moonbirds,ERC721
9,0x8a90cab2b38dba80c64b7734e58ee1db38b8992e,Doodles,doodles-official,ERC721
10,0xba30e5f9bb24caa003e9f2f0497ad287fdf95623,Bored Ape Kennel Club,bored-ape-kennel-club,ERC721
11,0xbd3531da5cf5857e7cfaa92426877b022e612cf8,PudgyPenguins,pudgypenguins,ERC721
12,0x7bd29408f11d2bfc23c34f18275bbf23bb716bc7,Meebits,meebits,ERC721
13,0x306b1ea3ecdf94ab739f1910bbda052ed4a9f949,Beanz,beanzofficial,ERC721
14,0x1a92f7381b9f03921564a437210bb9396471050c,Cool Cats,cool-cats-nft,ERC721
15,0x5cc5b05a8a13e3fbdb0bb9fccd98d38e50f90c38,Sandbox's LANDs,sandbox,ERC721
16,0x31d843b99c2c4088cd20d96ef2426673b958ff70,MechMinds,mechminds,ERC721
17,0xc9154424b823b10579895ccbe442d41b9abd96ed,Rarible,rarible,ERC721
18,0x57f1887a8bf19b14fc0df6fd9b2acc9af147ea85,Ethereum Name Service,ens,ERC721
19,0xe785e82358879f061bc3dcac6f0444462d4b5330,World Of Women,world-of-women-nft,ERC721
20,0x3bf2922f4520a8ba0c2efc3d2a1539678dad5e9d,0N1 Force,0n1-force,ERC721
21,0x76be3b62873462d2142405439777e971754e8e77,Parallel Alpha,parallelalpha,ERC1155
22,0xff9c1b15b16263c61d017ee9f65c50e4ae0113d7,Loot,lootproject,ERC721
23,0x1cb1a5e65610aeff2551a50f76a87a7d3fb649c6,Cryptoadz,cryptoadz-by-gremplin,ERC721
24,0x5af0d9827e0c53e4799bb226655a1de152a425a5,Milady,milady,ERC721
25,0x8821bee2ba0df28761afff119d66390d594cd280,DeGods,degods,ERC721
26,0x6339e5e072086621540d0362c4e3cea0d643e114,Opepen Edition,opepen-edition,ERC721
27,0x41a322b28d0ff354040e2cbc676f0320d8c8850d,SupeRare,superrare,ERC721
28,0x79fcdef22feed20eddacbb2587640e45491b757f,mfer,mfers,ERC721
29,0xa3aee8bce55beea1951ef834b99f3ac60d1abeeb,VeeFriends,veefriends,ERC721
30,0x8c6def540b83471664edc6d5cf75883986932674,goblintown,goblintownwtf,ERC721
31,0x22c36bfdcef207f9c0cc941936eff94d4246d14a,bored ape chemistry club,bored-ape-chemistry-club,ERC1155
32,0x8d9710f0e193d3f95c0723eaaf1a81030dc9116d,TOPIA Worlds,topia-worlds,ERC721
33,0x4db1f25d3d98600140dfc18deb7515be5bd293af,HAPE PRIME,hapeprime,ERC721
34,0x86825dfca7a6224cfbd2da48e85df2fc3aa7c4b1,rtfkt-mnlth,rtfkt-mnlth,ERC1155
35,0x769272677fab02575e84945f03eca517acc544cc,Captainz,thecaptainz,ERC721
36,0x34eebee6942d8def3c125458d1a86e0a897fd6f9,Checks,vv-checks,ERC721
37,0x59468516a8259058bad1ca5f8f4bff190d30e066,Invisible Friends,invisiblefriends,ERC721
38,0x394e3d3044fc89fcdd966d3cb35ac0b32b0cda91,RENGA,renga,ERC721
39,0x629a673a8242c2ac4b7b8c5d8735fbeac21a6205,Sorare New,sorare,ERC721
40,0x9a534628b4062e123ce7ee2222ec20b86e16ca8f,MekaVerse,mekaverse,ERC721
41,0x60bb1e2aa1c9acafb4d34f71585d7e959f387769,Art Gobblers,artgobblers,ERC721
42,0x28472a58a490c5e09a238847f66a68a47cc76f0f,adidas Originals: Into the Metaverse,adidasoriginals,ERC1155
43,0x341a1c534248966c4b6afad165b98daed4b964ef,Murakami.Flowers Seed,murakami-flowers-seed,ERC1155
44,0x82c7a8f707110f5fbb16184a5933e9f78a34c6ab,Emblem Vault V4,emblem-vault,ERC721
45,0xccc441ac31f02cd96c153db6fd5fe0a2f4e6a68d,FLUF,fluf,ERC721
46,0x764aeebcf425d56800ef2c84f2578689415a2daa,SewerPass,sewerpass,ERC721
47,0x160c404b2b49cbc3240055ceaee026df1e8497a0,projectPXN,pxnghostdivision,ERC721
48,0xd2f668a8461d6761115daf8aeb3cdf5f40c532c6,Karafuru,karafuru,ERC721
49,0xc2c747e0f7004f9e8817db2ca4997657a7746928,Hashmasks,hashmasks,ERC721
50,0x39ee2c7b3cb80254225884ca001f57118c8f21b6,Potatoz,thepotatoz,ERC721
51,0x1792a96e5668ad7c167ab804a100ce42395ce54d,Moonbirds Oddities,moonbirds-oddities,ERC721
52,0xb3bca6f5052c7e24726b44da7403b56a8a1b98f8,Decentraland,decentraland,DECENTRALAND
53,0xd774557b647330c91bf44cfeab205095f7e6c367,Nakamigos,nakamigos,ERC721
54,0x73da73ef3a6982109c4d5bdb0db9dd3e3783f313,My Curio Cards,curiocardswrapper,ERC1155
55,0x348fc118bcc65a92dc033a951af153d14d945312,clonex mintvial,clonex-mintvial,ERC1155
56,0x892848074ddea461a15f337250da3ce55580ca85,CyberBrokers,cyberbrokers,ERC721
57,0x5946aeaab44e65eb370ffaa6a7ef2218cff9b47d,Creepz by OVERLORD,genesis-creepz,ERC721
58,0x282bdd42f4eb70e7a9d9f40c8fea0825b7f68c5d,V1 Cryptopunks (Wrapped),official-v1-punks,ERC721
59,0xc92ceddfb8dd984a89fb494c376f9a48b999aafc,Creature World,creatureworld,ERC721
60,0x3248e8ba90facc4fdd3814518c14f8cc4d980e4b,ThreeLanders,3landers,ERC721
61,0x67d9417c9c3c250f61a83c7e8658dac487b56b09,Phanta Bear,phantabear,ERC721
62,0x4b15a9c28034dc83db40cd810001427d3bd7163d,HV-MTL,hv-mtl,ERC721
63,0x7ea3cca10668b8346aec0bf1844a49e995527c8b,CyberKongz VX,cyberkongz-vx,ERC721
64,0xb852c6b5892256c264cc2c888ea462189154d8d7,Rektguy,rektguy,ERC721
65,0x2acab3dea77832c09420663b0e1cb386031ba17b,DeadFellaz,deadfellaz,ERC721
66,0x9378368ba6b85c1fba5b131b530f5f5bedf21a18,VeeFriends Series 2,veefriends-series-2,ERC721
67,0x0c2e57efddba8c768147d1fdf9176a0a6ebd5d83,KaijuKingz,kaiju-kingz,ERC721
68,0x08d7c0242953446436f34b4c78fe9da38c73668d,PROOF Collective,proof-collective,ERC721
69,0x8943c7bac1914c9a7aba750bf2b6b09fd21037e0,Lazy Lions,lazy-lions,ERC721
70,0x7f36182dee28c45de6072a34d29855bae76dbe2f,Wolf Game,wolf-game,ERC721
71,0x364c828ee171616a39897688a831c2499ad972ec,Sappy Seals,sappy-seals,ERC721
72,0xf61f24c2d93bf2de187546b14425bf631f28d6dc,World Of Women Galaxy,world-of-women-galaxy,ERC721
73,0x33cfae13a9486c29cd3b11391cc7eca53822e8c7,MintPass,inhabitants-mintpass,ERC1155
74,0x86c10d10eca1fca9daf87a279abccabe0063f247,Cool Pets,coolpetsnft,ERC721
75,0x4b3406a41399c7fd2ba65cbc93697ad9e7ea61e5,Lost Poets,lostpoets,ERC721
76,0x123b30e25973fecd8354dd5f41cc45a3065ef88c,ALIENFRENS,alienfrensnft,ERC721
77,0x6632a9d63e142f17a668064d41a21193b49b41a0,Prime Ape Planet,primeapeplanetpap,ERC721
78,0xf4ee95274741437636e748ddac70818b4ed7d043,The Doge Pound,the-doge-pound,ERC721
79,0x57a204aa1042f6e66dd7730813f4024114d74f37,CyberKongz,cyberkongz,ERC721
80,0xd1258db6ac08eb0e625b75b371c023da478e94a9,DigiDaigaku,digidaigaku,ERC721
81,0x75e95ba5997eb235f40ecf8347cdb11f18ff640b,Psychedelics Anonymous Genesis,psychedelics-anonymous-genesis,ERC721
82,0xb0640e8b5f24bedc63c33d371923d68fde020303,SuperNormal,supernormalbyzipcy,ERC721
83,0xa1d4657e0e6507d5a94d06da93e94dc7c8c44b51,WebbLand,worldwidewebbland,ERC721
84,0xedb61f74b0d09b2558f1eeb79b247c1f363ae452,guttercatgang,guttercatgang,ERC1155
85,0xf5b0a3efb8e8e4c201e2a935f110eaaf3ffecb8d,Axie,axie,ERC721
86,0x7d8820fa92eb1584636f4f5b8515b5476b75171a,Murakami.Flowers,murakami-flowers-2022-official,ERC721
87,0xa5c0bd78d1667c13bfb403e2a3336871396713c5,CoolmansUniverse,coolmans-universe,ERC721
88,0xad9fd7cb4fc7a0fbce08d64068f60cbde22ed34c,VOX Series 1,collectvoxtownstar,ERC721
89,0x231d3559aa848bf10366fb9868590f01d34bf240,Valhalla,valhalla,ERC721
90,0x0e9d6552b85be180d941f1ca73ae3e318d2d4f1f,Metroverse City Block,metroverse-genesis,ERC721
91,0xfcb1315c4273954f74cb16d5b663dbf479eec62e,Capsule,capsulehouse,ERC721
92,0x4d7d2e237d64d1484660b55c0a4cc092fa5e6716,DegenToonz,degentoonz-collection,ERC721
93,0x5ab21ec0bfa0b29545230395e3adaca7d552c948,PUNKS Comic,punks-comic,ERC721
94,0xaadc2d4261199ce24a4b0a57370c4fcf43bb60aa,TheCurrency,thecurrency,ERC721
95,0x79986af15539de2db9a5086382daeda917a9cf0c,Cryptovoxels Parcel,cryptovoxels,ERC721
96,0x273f7f8e6489682df756151f5525576e322d51a3,MyCryptoHeroes,mycryptoheroes,ERC721
97,0x3fe1a4c1481c8351e91b64d5c398b159de07cbc5,SupDucks,supducks,ERC721
98,0xc99c679c50033bbc5321eb88752e89a93e9e83c5,KILLABEARS,killabears,ERC721
99,0xc36cf0cfcb5d905b8b513860db0cfe63f6cf9f5c,Gala Games,town-star,ERC1155
100,0x3110ef5f612208724ca51f5761a69081809f03b7,Impostors Genesis,impostors-genesis-aliens,ERC721
101,0xaf615b61448691fc3e4c61ae4f015d6e77b6cca8,Lives of Asuna,livesofasuna,ERC721
102,0x7ab2352b1d2e185560494d5e577f9d3c238b78c5,Adam Bomb Squad,adam-bomb-squad,ERC721
103,0x036721e5a769cc48b3189efbb9cce4471e8a48b1,Checks,vv-checks-originals,ERC721
104,0x219b8ab790decc32444a6600971c7c3718252539,Sneaky Vampire Syndicate,sneaky-vampire-syndicate,ERC721
105,0x7daec605e9e2a1717326eedfd660601e2753a057,10ktf stockroom,10ktf-stockroom,ERC1155
106,0xc1caf0c19a8ac28c41fe59ba6c754e4b9bd54de9,CryptoSkulls,cryptoskulls,ERC721
107,0x32973908faee0bf825a343000fe412ebe56f802a,Pixelmon,pixelmongen1,ERC721
108,0xd4e4078ca3495de5b1d4db434bebc5a986197782,Autoglyphs,autoglyphs,ERC721
109,0x33fd426905f149f8376e227d0c9d3340aad17af1,thememes6529,thememes6529,ERC1155
110,0x466cfcd0525189b573e794f554b8a751279213ac,Dooplicator,the-dooplicator,ERC721
111,0x6be69b2a9b153737887cfcdca7781ed1511c7e36,Killer GF,killergf,ERC721
112,0x524cab2ec69124574082676e6f654a18df49a048,LilPudgys,lilpudgys,ERC721
113,0x80336ad7a747236ef41f47ed2c7641828a480baa,Chimpers,chimpersnft,ERC721
114,0x9401518f4ebba857baa879d9f76e1cc8b31ed197,Weirdo Ghost Gang,the-weirdo-ghost-gang,ERC721
115,0x226bf5293692610692e2c996c9875c914d2a7f73,oncyber labs,oncyber-labs,ERC1155
116,0x4b61413d4392c806e6d0ff5ee91e6073c21d6430,MURI,muribyfabrik,ERC721
117,0xc3f733ca98e0dad0386979eb96fb1722a1a05e69,Acclimated​MoonCats,acclimatedmooncats,ERC721
118,0x36d30b3b85255473d27dd0f7fd8f35e36a9d6f06,888innercircle,888innercircle,ERC1155
119,0x09233d553058c2f42ba751c87816a8e9fae7ef10,My Pet Hooligan,mypethooligan,ERC721
120,0x8e9f3c6883993a7a69c37213f2eb9a17450ad6d3,Neo Tokyo: Outer Identities V2,neotokyo-outer-identities,ERC721
121,0x698fbaaca64944376e2cdc4cad86eaa91362cf54,Neo Tokyo: Outer Identities,neotokyo-outer-identities-legacy,ERC721
122,0x960b7a6bcd451c9968473f7bbfd9be826efd549a,OnChainMonkey,onchainmonkey,ERC721
123,0x497a9a79e82e6fc0ff10a16f6f75e6fcd5ae65a8,Ragnarok,77bit,ERC1155
124,0x913ae503153d9a335398d0785ba60a2d63ddb4e2,Somnium Space,somnium-space,ERC721
125,0x77372a4cc66063575b05b44481f059be356964a4,a KID called BEAST,akidcalledbeast,ERC721
126,0x6dc6001535e15b9def7b0f6a20a2111dfa9454e2,MetaHero,inhabitants-generative,ERC721
127,0xd4b7d9bb20fa20ddada9ecef8a7355ca983cccb1,Quirkies,quirkiesoriginals,ERC721
128,0x9c8ff314c9bc7f6e59a9d9225fb22946427edc03,Nouns,nouns,ERC721
129,0xef0182dc0574cd5874494a120750fd222fdb909a,RumbleKongLeague,rumble-kong-league,ERC721
130,0x4a8c9d751eeabc5521a68fb080dd7e72e46462af,Arcade Land,arcade-land,ERC721
131,0x7e6bc952d4b4bd814853301bee48e99891424de0,Jungle Freaks,jungle-freaks-genesis,ERC721
132,0x4bb33f6e69fd62cf3abbcc6f1f43b94a5d572c2b,Bears Deluxe,bears-deluxe,ERC721
133,0xd78b76fcc33cd416da9d3d42f72649a23d7ac647,Lil Heroes,lil-heroes-by-edgar-plans,ERC721
134,0xca7ca7bcc765f77339be2d648ba53ce9c8a262bd,Tubby Cats,tubby-cats,ERC721
135,0xb6a37b5d14d502c3ab0ae6f3a0e058bc9517786e,Elemental,azukielementals,ERC721
136,0x12d2d1bed91c24f878f37e66bd829ce7197e4d14,Galactic Apes,galacticapes,ERC721
137,0xf54cc94f1f2f5de012b6aa51f1e7ebdc43ef5afc,Nanopass,projectnanopass,ERC721
138,0xd3d9ddd0cf0a5f0bfb8f7fceae075df687eaebab,TEST NFT,remilio-babies,ERC721
139,0x0cfb5d82be2b949e8fa73a656df91821e2ad99fd,10KTF,10ktf,ERC721
140,0xc8adfb4d437357d0a656d4e62fd9a6d22e401aa0,CryptoBatz by Ozzy Osbourne,cryptobatz-by-ozzy-osbourne,ERC721
141,0x521f9c7505005cfa19a8e5786a9c3c9c9f5e6f42,ForgottenRunesWizardsCult,forgottenruneswizardscult,ERC721
142,0x7ecb204fed7e386386cab46a1fcb823ec5067ad5,FULL SEND METACARD,metacard-by-fullsend,ERC721
143,0x0b4b2ba334f476c8f41bfe52a428d6891755554d,JRNY NFT Club,jrny-club-official,ERC721
144,0x1b829b926a14634d36625e60165c0770c09d02b2,Treeverse,treeverse-plots,ERC721
145,0x2c88aa0956bc9813505d73575f653f69ada60923,Land,wolf-game-land,ERC721
146,0xaadba140ae5e4c8a9ef0cc86ea3124b446e3e46a,MutantCats,mutantcats,ERC721
147,0x42069abfe407c60cf4ae4112bedead391dba1cdb,CryptoDickbutts S3,cryptodickbutts-s3,ERC721
148,0x2d33bfe1c867346543ac245396dfc6c3ebc8534f,Keepers V2,kprverse,ERC721
149,0xb5c747561a185a146f83cfff25bdfd2455b31ff4,Boss Beauties,bossbeauties,ERC721
150,0x716f29b8972d551294d9e02b3eb0fc1107fbf4aa,Imaginary Ones,io-imaginary-ones,ERC721
151,0xacf63e56fd08970b43401492a02f6f38b6635c91,Kanpai Pandas,kanpai-pandas,ERC721
152,0x3af2a97414d1101e2107a70e7f33955da1346305,MysteryBean,azukielementalbeans,ERC721
153,0x099689220846644f87d1137665cded7bf3422747,Robotos,robotos-official,ERC721
154,0xbad6186e92002e312078b5a1dafd5ddf63d3f731,Anonymice,anonymice,ERC721
155,0x11450058d796b02eb53e65374be59cff65d3fe7f,SHIBOSHIS,theshiboshis,ERC721
156,0xe0176ba60efddb29cac5b15338c9962daee9de0c,PREMINT Collector,premint-collector,ERC721
157,0x701a038af4bd0fc9b69a829ddcb2f61185a49568,Kiwami,kiwami-genesis,ERC721
158,0x209e639a0ec166ac7a1a4ba41968fa967db30221,Genuine Undead,genuine-undead,ERC721
159,0xaad35c2dadbe77f97301617d82e661776c891fa9,Akutars,akutars,ERC721
160,0x2963ba471e265e5f51cafafca78310fe87f8e6d1,MakersPlace,makersplace,ERC721
161,0x14e0a1f310e2b7e321c91f58847e98b8c802f6ef,HypeBears,hype-bears-club-official-,ERC721
162,0xa08126f5e1ed91a635987071e6ff5eb2aeb67c48,GalaxyEggs,galaxyeggs9999,ERC721
163,0x6d4bbc0387dd4759eee30f6a482ac6dc2df3facf,rtfktmonolith,rtfktmonolith,ERC1155
164,0x361a5881f18b968422e9258cb7c1fa53ff4cdd38,CryptoMories,cryptomories,ERC721
165,0xe21ebcd28d37a67757b9bc7b290f4c4928a430b1,thesaudis,thesaudis,ERC721
166,0x966731dfd9b9925dd105ff465687f5aa8f54ee9f,Hero,raidparty,ERC721
167,0x8ff1523091c9517bc328223d50b52ef450200339,RugGenesis NFT,ruggenesis-nft,ERC721
168,0x5be99338289909d6dbbc57bb791140ef85ccbcab,hausphases,hausphasesbyfabrik,ERC721
169,0x87e738a3d5e5345d6212d8982205a564289e6324,Fighter,raidpartyfighters,ERC721
170,0xdd649d6daceff4e504231718868d577a67feb18a,Decentral Games ICE Poker,decentral-games-ice,UNKNOWN
171,0x1485297e942ce64e0870ece60179dfda34b4c625,Moonrunners,moonrunnersnft,ERC721
172,0x31d45de84fde2fb36575085e05754a4932dd5170,RareApepeYachtClub,rare-apepes,ERC721
173,0x6fd053bff10512d743fa36c859e49351a4920df6,C-01 Official Collection,c-01-official-collection,ERC721
174,0x3acce66cd37518a6d77d9ea3039e00b3a2955460,WonderPals,wonderpals,ERC721
175,0x236672ed575e1e479b8e101aeeb920f32361f6f9,Frontier,thewatchcom,ERC1155
176,0x469823c7b84264d1bafbcd6010e9cdf1cac305a3,Crypto Bull Society,crypto-bull-society,ERC721
177,0x7deb7bce4d360ebe68278dee6054b882aa62d19c,Planets,unitedplanets,ERC1155
178,0x9c80777cae192e5031c38a0d951c55730ecc3f5e,ZombieClub Token,zombieclub-token,ERC721
179,0x5bd815fd6c096bab38b4c6553cfce3585194dff9,The Art of Seasons,the-art-of-seasons,ERC721
180,0x97597002980134bea46250aa0510c9b90d87a587,Chain Runners,chain-runners-nft,ERC721
181,0x1981cc36b59cffdd24b01cc5d698daa75e367e04,Crypto Chicks,the-crypto-chicks,ERC721
182,0xeb3a9a839dfeeaf71db1b4ed6a8ae0ccb171b227,MOAR by Joan Cornella,official-moar-by-joan-cornella,ERC721
183,0x3f5fb35468e9834a43dca1c160c69eaae78b6360,KIA,koala-intelligence-agency,ERC721
184,0xe106c63e655df0e300b78336af587f300cff9e76,OxyaOriginProject,oxyaoriginproject,ERC721
185,0x64ad353bc90a04361c4810ae7b3701f3beb48d7e,Black Box,renga-black-box,ERC721
186,0x3a5051566b2241285be871f650c445a88a970edd,The Humanoids ,thehumanoids,ERC721
187,0x94638cbf3c54c1f956a5f05cbc0f9afb6822020d,inbetweeners,inbetweeners,ERC721
188,0xce50f3ca1f1dbd6fa042666bc0e369565dda457d,The Heart Project,heartnfts,ERC721
189,0xf497253c2bb7644ebb99e4d9ecc104ae7a79187a,Sevens Token,the-sevens-genesis,ERC721
190,0xae99a698156ee8f8d07cbe7f271c31eeaac07087,Mutant Hound Collars,mutant-hound-collars,ERC721
191,0x248139afb8d3a2e16154fbe4fb528a3a214fd8e7,Boki,bokinftofficial,ERC721
192,0xe2e27b49e405f6c25796167b2500c195f972ebac,Owls,owls-wtf,ERC721
193,0x845a007d9f283614f403a24e3eb3455f720559ca,CryptoNinjaPartners,cryptoninjapartners,ERC721
194,0xf1268733c6fb05ef6be9cf23d24436dcd6e0b35e,Desperate ApeWives,desperate-ape-wives,ERC721
195,0x659a4bdaaacc62d2bd9cb18225d9c89b5b697a5a,We Are All Going to Die,we-are-all-going-to-die,ERC721
196,0x4f89cd0cae1e54d98db6a80150a824a533502eea,Groupies,peaceful-groupies,ERC721
197,0x7afeda4c714e1c0a2a1248332c100924506ac8e6,FVCK_CRYSTAL//,fvck-crystal,ERC721
198,0xb9951b43802dcf3ef5b14567cb17adf367ed1c0f,Neo Tokyo Citizen V2,neotokyo-citizens,ERC721
199,0xb668beb1fa440f6cf2da0399f8c28cab993bdd65,Neo Tokyo Citizen,neotokyo-citizens-legacy,ERC721
200,0x8d609bd201beaea7dccbfbd9c22851e23da68691,Dour Darcels,dourdarcels,ERC721
201,0x363c5dc3ff5a93c9ab1ec54337d211148e10f567,Gitcoin Presents,gitcoin-presents,ERC721
202,0x1d20a51f088492a0f1c57f047a9e30c9ab5c07ea,loomlocknft,wassiesbywassies,ERC721
203,0x062e691c2054de82f28008a8ccc6d7a1c8ce060d,PudgyPresent,pudgyrods,ERC721
204,0xecdd2f733bd20e56865750ebce33f17da0bee461,CryptoDads,thecryptodads,ERC721
205,0xc6ec80029cd2aa4b0021ceb11248c07b25d2de34,the littles NFT,thelittlesnft,ERC721
206,0x1b79c7832ed9358e024f9e46e9c8b6f56633691b,Tasty Bones,tastybonesxyz,ERC721
207,0xc73b17179bf0c59cd5860bb25247d1d1092c1088,QQL Mint Pass,qql-mint-pass,ERC721
208,0x8d04a8c79ceb0889bdd12acdf3fa9d207ed3ff63,Blitmap,blitmap,ERC721
209,0x999e88075692bcee3dbc07e7e64cd32f39a1d3ab,Wizards & Dragons Game,wizards-dragons-game-v2,ERC721
210,0x18df6c571f6fe9283b87f910e41dc5c8b77b7da5,Animetas,animetas,ERC721
211,0x9bf252f97891b907f002f2887eff9246e3054080,apekidsclub,akc,ERC721
212,0x177ef8787ceb5d4596b6f011df08c86eb84380dc,Smilesss,smilesss,ERC721
213,0xccdf1373040d9ca4b5be1392d1945c1dae4a862c,PORSCHΞ 911,porsche-911,ERC721
214,0x11595ffb2d3612d810612e34bc1c2e6d6de55d26,Tom Sachs Rocket Components,tom-sachs-rocket-factory,ERC721
215,0xeb2dfc54ebafca8f50efcc1e21a9d100b5aeb349,Kubz,kubz,ERC721
216,0x59ad67e9c6a84e602bc73b3a606f731cc6df210d,Holoself,momoguro-holoself,ERC721
217,0xbda2481db91fc0f942ed3f53de378ba45ba9d17e,Farmer,wolf-game-farmer,ERC721
218,0x05a46f1e545526fb803ff974c790acea34d1f2d6,n,n-project,ERC721
219,0x8cb05890b7a640341069fb65dd4e070367f4d2e6,Illuminati,illuminaticollective,ERC721
220,0x1ca39c7f0f65b4da24b094a9afac7acf626b7f38,GEN.ART,gen-dot-art,ERC721
221,0x10daa9f4c0f985430fde4959adb2c791ef2ccf83,The Meta Key,the-meta-key,ERC1155
222,0x3db5463a9e2d04334192c6f2dd4b72def4751a61,ALPACADABRAZ,alpacadabraz,ERC721
223,0x26437d312fb36bdd7ac9f322a6d4ccfe0c4fa313,ASMAIFAAllStarsBoxSet,asm-aifa-genesis,ERC721
224,0x9df8aa7c681f33e442a0d57b838555da863504f3,Pixelated Llama,llamaverse-genesis,ERC721
225,0x092bbc993042a69811d23feb0e64e3bfa0920c6a,Gutter Juice,gutter-juice,ERC721
226,0x9eeaecbe2884aa7e82f450e3fc174f30fc2a8de3,Edenhorde,edenhorde-official,ERC721
227,0xc5b52253f5225835cc81c52cdb3d6a22bc3b0c93,mcgoblintownwtf,mcgoblinwtf,ERC721
228,0xf472bfd59a68e9bfa56a354dc8599611c86bd3ad,Acrocalypse,acrocalypse,ERC721
229,0x06012c8cf97bead5deae237070f9587f8e7a266d,CryptoKitties,cryptokitties,ERC721
230,0xd73acd7f5099fdd910215dbff029185f21ffbcf0,Acrocalypse,acrocalypse-legacy,ERC721
231,0xdd69da9a83cedc730bc4d3c56e96d29acc05ecde,BuildABetterFuture,timepieces-build-a-better-future-genesis-drop,ERC721
232,0xe3234e57ac38890a9136247eadfe1860316ff6ab,MoodRollers,moodrollers-by-lucas-zanotto,ERC721
233,0xc9d8f15803c645e98b17710a0b6593f097064bef,Flyfish Club,flyfish-club,ERC721
234,0xbce6d2aa86934af4317ab8615f89e3f9430914cb,VaynerSports Pass,vaynersports-pass-vsp,ERC721
235,0xe6d48bf4ee912235398b96e16db6f310c21e82cb,God Hates NFTees,godhatesnftees,ERC721
236,0x2931b181ae9dc8f8109ec41c42480933f411ef94,SlimHoods,slimhoods,ERC721
237,0xfa7e3f898c80e31a3aedeae8b0c713a3f9666264,Akuma,akumaorigins,ERC721
238,0x17b2f2b8927a8f11edfd7a27e153be17d68e69c7,Neo Tokyo Part 2: Vault Cards V2,neo-tokyo-part-2-vault-cards,ERC721
239,0xab0b0dd7e4eab0f9e31a539074a03f1c1be80879,Neo Tokyo Part 2: Vault Cards,neo-tokyo-part-2-vault-cards-legacy,ERC721
240,0xb76fbbb30e31f2c3bdaa2466cfb1cfe39b220d06,Wool Pouch,wool-pouch,ERC721
241,0x133a634cdc6dab57c3e6fedd63f5ee2fdb63bfbe,Cryptojankyz,cryptojankyz,ERC721
242,0xd0318da435dbce0b347cc6faa330b5a9889e3585,ASMBrain,asm-brains,ERC721
243,0xa342f5d851e866e18ff98f351f2c6637f4478db5,Sandbox's ASSETs,the-sandbox-assets,ERC1155
244,0xf76179bb0924ba7da8e7b7fc2779495d7a7939d8,VOX Series 2,collectvoxmirandus,ERC721
245,0x716039ab9ce2780e35450b86dc6420f22460c380,Cool Monkes,coolmonkes,ERC721
246,0xfbeef911dc5821886e1dda71586d90ed28174b7d,Known Origin,known-origin,ERC721
247,0x7e3ef31186d1bec0d3f35ad701d065743b84c790,Antonym,antonymgenesis,ERC721
248,0x85f740958906b317de6ed79663012859067e745b,TheWickedCraniums,thewickedcraniums,ERC721
249,0xc9677cd8e9652f1b1aadd3429769b0ef8d7a0425,Elemental,elemental-fang-lijun,ERC721
250,0x35471f47c3c0bc5fc75025b97a19ecdde00f78f8,Party Bears,partybear,ERC721
251,0x6080b6d2c02e9a0853495b87ce6a65e353b74744,EightBit,eightbitme,ERC721
252,0x9a38dec0590abc8c883d72e52391090e948ddf12,EveraiDuo,everai-heroes-duo,ERC721
253,0x6728d91abacdbac2f326baa384513a523c21b80a,ShitBeast,shitbeast,ERC721
254,0x534d37c630b7e4d2a6c1e064f3a2632739e9ee04,X Rabbits Club,xrc,ERC721
255,0xe51aac67b09eaed6d3d43e794d6bae679cbe09d8,FLUF World: Burrows,fluf-world-burrows,ERC721
256,0x82f5ef9ddc3d231962ba57a9c2ebb307dc8d26c2,Dippies,dippies,ERC721
257,0x34b4df75a17f8b3a6eff6bba477d39d701f5e92c,G’EVOLs,g-evols,ERC721
258,0xf661d58cfe893993b11d53d11148c4650590c692,MNLTHRVLD,rtfkt-nike-cryptokicks,ERC721
259,0x86c35fa9665002c08801805280ff6a077b23c98a,CatBloxGenesis,catbloxgenesis,ERC721
260,0x3a2096754df385553c4252e5a82dc862e64169bb,thepossessed,thepossessed,ERC721
261,0x51f0c1938b0e67cafc7a6fc8eb6edd7fdbe002bc,Fragments By James Jean,fragments-by-james-jean,ERC721
262,0xc8bcbe0e8ae36d8f9238cd320ef6de88784b1734,WinterBears,winterbears,ERC721
263,0x98b82d9efc577b1c3aa6578342121231db2b47b9,Shinsekai,shinsekaicorp,ERC721
264,0x69b9c98e8d715c25b330d0d4eb07e68cbb7f6cfc,Starcatchers,starcatchersnft,ERC721
265,0x4f8730e0b32b04beaa5757e5aea3aef970e5b613,Bloot,blootofficial,ERC721
266,0xa6a5ec7b1b8a34ff2dcb2926b7c78f52a5ce3b90,gnssbymgxs,gnssbymgxs,ERC1155
267,0x5180db8f5c931aae63c74266b211f580155ecac8,Crypto Coven,cryptocoven,ERC721
268,0x31385d3520bced94f77aae104b406994d8f2168c,BASTARD GAN PUNKS V2,bastard-gan-punks-v2,ERC721
269,0x211899f45856e22df75623a2c6abe7997802ebc3,DISRUPTOR by XCOPY,xcopy,ERC721
270,0xf793a77e32a0e5c0cd28383e1e04bbc66ee52438,Apocalyptic Apes,apocalyptic-apes,ERC721
271,0x63fa29fec10c997851ccd2466dad20e51b17c8af,Fishy Fam,fishyfam,ERC721
272,0xd2a077ec359d94e0a0b7e84435eacb40a67a817c,Admit One,admit-one,ERC721
273,0x4addca4c07a5e9a6b4973094d03ad5aae7735e5b,(B)APETAVERSE,bapetaverse-official,ERC721
274,0x0a36f2178c0db2c85471c45334a1dd17d130fd42,GODA Mint Pass,goda-mint-pass,ERC721
275,0x8a1bbef259b00ced668a8c69e50d92619c672176,Habbo Avatars,habbo-avatars,ERC721
276,0x3f3915fb8769ee456035331bc2f7fbe380f6b4d2,CreateraGenesisLand,createra-genesis-land,ERC721
277,0x670d4dd2e6badfbbd372d0d37e06cd2852754a04,Super Cool World,super-cool-world,ERC721
278,0xe012baf811cf9c05c408e879c399960d1f305903,Koda,otherside-koda,ERC721
279,0x18c7766a10df15df8c971f6e8c1d2bba7c7a410b,Vogu,vogu,ERC721
280,0xd1169e5349d1cb9941f3dcba135c8a4b9eacfdde,MAX PAIN AND FRENS OPEN EDITION BY XCOPY,max-pain-and-frens-by-xcopy,ERC721
281,0xd754937672300ae6708a51229112de4017810934,Deafbeef,deafbeef,ERC721
282,0xf7143ba42d40eaeb49b88dac0067e54af042e963,Metasaurs,metasaurs-nft,ERC721
283,0x59325733eb952a92e069c87f0a6168b29e80627f,Mocaverse,mocaverse,ERC721
284,0x7cc7add921e2222738561d03c89589929cefcf21,chimperschronicles,chimperschronicles,ERC1155
285,0x880644ddf208e471c6f2230d31f9027578fa6fcc,Jenkins the Valet,writers-room,ERC721
286,0x986aea67c7d6a15036e18678065eb663fc5be883,NiftyDegen,niftydegen,ERC721
287,0x3702f4c46785bbd947d59a2516ac1ea30f2babf2,GalaxyFightClub,galaxy-fight-club,ERC721
288,0x790b2cf29ed4f310bf7641f013c65d4560d28371,Otherdeed Expanded,otherdeed-expanded,ERC721
289,0xd4d871419714b778ebec2e22c7c53572b573706e,Stoner Cats,stoner-cats-official,ERC721
290,0xc878671ff88f1374d2186127573e4a63931370fc,Los Muertos,los-muertos-world,ERC721
291,0x740c178e10662bbb050bde257bfa318defe3cabc,8liens,8liens,ERC721
292,0x8d4100897447d173289560bc85c5c432be4f44e4,Gray Boys,grayboys,ERC721
293,0xc7df86762ba83f2a6197e1ff9bb40ae0f696b9e6,The Doggies,snoop-dogg-doggies,ERC721
294,0xbe6e3669464e7db1e1528212f0bff5039461cb82,Wicked Apes,wicked-ape-bone-club,ERC721
295,0x8cd8155e1af6ad31dd9eec2ced37e04145acfcb3,Cupcat NFT,cupcatsofficial,ERC721
296,0x95784f7b5c8849b0104eaf5d13d6341d8cc40750,Swampverse,swampverseofficial,ERC721
297,0xd7b397edad16ca8111ca4a3b832d0a5e3ae2438c,gutterrats,gutterrats,ERC1155
298,0xcb4307f1c3b5556256748ddf5b86e81258990b3c,The Other Side,tos-theotherside,ERC721
299,0x709d30f1f60f03d85a0ef33142ef3259392dc9e1,Loser Club,loser-club-official,ERC721
300,0x7cba74d0b16c8e18a9e48d3b7404d7739bb24f23,FoxFam,foxfam,ERC721
301,0x7c40c393dc0f283f318791d746d894ddd3693572,Wrapped MoonCatsRescue,wrapped-mooncatsrescue,ERC721
302,0xbe9371326f91345777b04394448c23e2bfeaa826,Gemesis,gemesis,ERC721
303,0x49907029e80de1cbb3a46fd44247bf8ba8b5f12f,More Than Gamers,morethangamersnftmtg,ERC721
304,0xedc3ad89f7b0963fe23d714b34185713706b815b,Project Godjira Generation 2,project-godjira-gen-2,ERC721
305,0xc7c962e44316e0c052448a0fdd1da15ea24fa9a9,Gossamer Seed,gossamer-seed,ERC721
306,0xc71a726d390bf02b4af8920c0820970310d0f367,MekaApes Game,mekaapes,ERC721
307,0xb75f09b4340aeb85cd5f2dd87d31751edc11ed39,Genesis Box,genesis-box,ERC721
308,0x5df340b5d1618c543ac81837da1c2d2b17b3b5d8,Party Ape Billionaire Club,billionaireclubnft,ERC721
309,0x6e9da81ce622fb65abf6a8d8040e460ff2543add,Gutter Dogs,gutterdogs,ERC721
310,0x2118fa9369b9a52fb6bf8cf3fd392643d55a53b4,ApeGang,ape-gang,ERC721
311,0x8ffb9b504d497e4000967391e70d542b8cc6748a,Critterz,critterznft,ERC721
312,0xe3435edbf54b5126e817363900234adfee5b3cee,Voxies,voxies-legacy,ERC721
313,0x684e4ed51d350b4d76a3a07864df572d24e6dc4c,Isekai Meta,projectisekaimeta,ERC721
314,0x94b6f3978b0a32f7fa0b15243e86af1aec23deb5,Akutar Mint Pass,akutar-mint-pass,ERC721
315,0x0b22fe0a2995c5389ac093400e52471dca8bb48a,Little Lemon Friends,little-lemon-friends,ERC721
316,0x818a19a6d3f0859b68e8490a6e945a51060caad1,FOMO MOFOS,fomo-mofos,ERC721
317,0xd8a5d498ab43ed060cb6629b97a19e3e4276dd9f,Genesis,tgoa-gene-sis,ERC721
318,0xbd275ce24f32d6ce4e9d9519c55abe9bc0ed7fcf,BYOPills,byopill,ERC721
319,0xf729f878f95548bc7f14b127c96089cf121505f8,Anata NFT,the-anata-nft,ERC721
320,0x32ddbb0fc65bb53e1f7d6dc1c2a713e9a695b75b,Monster Ape Club,monsterapeclub-original,ERC721
321,0x0322f6f11a94cfb1b5b6e95e059d8deb2bf17d6a,CryptoonGoonz,cryptoongoonz,ERC721
322,0x5c1a0cc6dadf4d0fb31425461df35ba80fcbc110,Farm Land by Pixels,pixels-farm,ERC721
323,0xd692ced124a474f051f9744a301c26d1017b3d54,Shiba Social Club,shiba-social-club,ERC721
324,0x4fb48c4da0a633aa9de199ad43bf70e316310541,RTFKT Skin Vials,skinvial-evox,ERC1155
325,0x696115768bbef67be8bd408d760332a7efbee92d,LinksDAO,linksdao,ERC721
326,0xa49a0e5ef83cf89ac8aae182f22e6464b229efc8,clonexforging,clonexforging,ERC1155
327,0x4cd0ea8b1bdb5ab9249d96ccf3d8a0d3ada2bc76,Boonji Project,boonjiproject,ERC721
328,0x40cf6a63c35b6886421988871f6b74cc86309940,HOWLERZ,howlerz,ERC721
329,0x33c6eec1723b12c46732f7ab41398de45641fa42,[ Ledger ] Market Pass - Genesis Edition,ledger-market-pass-genesis-edition,ERC721
330,0x7afe30cb3e53dba6801aa0ea647a0ecea7cbe18d,Realms (for Adventurers),lootrealms,ERC721
331,0x6e5dc5405baefb8c0166bcc78d2692777f2cbffb,Beeple,beeple-everydays,ERC721
332,0xd0a07a76746707f6d6d36d9d5897b14a8e9ed493,Pixel Vault Founder's DAO,foundersdao,ERC721
333,0xb7be4001bff2c5f4a61dd2435e4c9a19d8d12343,rtfkt podx,rtfkt-podx,ERC1155
334,0x22c08c358f62f35b742d023bf2faf67e30e5376e,0xApes,0xapes-trilogy,ERC721
335,0xce25e60a89f200b1fa40f6c313047ffe386992c3,dotdotdot,dotdotdots,ERC721
336,0x543d43f390b7d681513045e8a85707438c463d80,Webaverse Genesis Pass,webaverse-genesis-pass,ERC721
337,0x07187957e1e8877c7da42a89188fe6b0d80a2370,SUPERPLASTIC: SUPERGUCCI,superplastic-supergucci,ERC721
338,0x9c57d0278199c931cf149cc769f37bb7847091e7,Sipher INU,sipheriansurge,ERC721
339,0xa74ae2c6fca0cedbaef30a8ceef834b247186bcf,Gh0stlyGh0sts,gh0stlygh0sts,ERC721
340,0x05e7f2499ff153fea2f20bbde0b5584c911c0af1,Something Token,somethingtoken,ERC721
341,0x39d3230c84efcb5559d22f499151934476b5c16d,Kitaro World,kitaroworld,ERC721
342,0xe4597f9182ba947f7f3bf8cbc6562285751d5aee,superfarm,superfarm,ERC1155
343,0x3abedba3052845ce3f57818032bfa747cded3fca,Ether Orcs Genesis,ether-orcs,ERC721
344,0x64b6b4142d4d78e49d53430c1d3939f2317f9085,AIMoonbirds,ainightbirds,ERC721
345,0x1fec856e25f757fed06eb90548b0224e91095738,FrankenPunks,dr-ethvils-3d-frankenpunks,ERC721
346,0x0616a2ef54bad0b37dce41c8d8e35cce17a926f3,BYOLand,byoland,ERC721
347,0xcbc67ea382f8a006d46eeeb7255876beb7d7f14d,WVRPS by Warpsound,wvrps-by-warpsound,ERC721
348,0x7f72528229f85c99d8843c0317ef91f4a2793edf,1111 by Kevin Abosch,1111-by-kevin-abosch,ERC1155
349,0x572e33ffa523865791ab1c26b42a86ac244df784,Gucci,10ktf-gucci-grail,ERC721
350,0xbea8123277142de42571f1fac045225a1d347977,DystoPunks V2,dystopunks,ERC721
351,0xc178994cb9b66307cd62db8b411759dd36d9c2ee,COCKPUNCH by Tim Ferriss,cockpunch,ERC721
352,0xbace7e22f06554339911a03b8e0ae28203da9598,CryptoArte,cryptoarte,ERC721
353,0x9d418c2cae665d877f909a725402ebd3a0742844,Fang Gang,fanggangnft,ERC721
354,0xf62c6a8e7bcdc96cda11bd765b40afa9ffc19ab9,HeadDAO,headdao,ERC721
355,0xc2e9678a71e50e5aed036e00e9c5caeb1ac5987d,Zero Name Service,wilderworld,ERC721
356,0x5b1085136a811e55b2bb2ca1ea456ba82126a376,Vessel,otherside-vessels,ERC721
357,0xa302f0d51a365b18e86c291056dc265a73f19419,Kitty Crypto Gang,kcg,ERC721
358,0x45db714f24f5a313569c41683047f1d49e78ba07,Space Punks,space-punks-club,ERC721
359,0x45c67b2b81067911de611e11fc5c7a4605ca4162,byteGANs,bytegans,ERC721
360,0x582048c4077a34e7c3799962f1f8c5342a3f4b12,ShinseiGalverse,galverse,ERC721
361,0x392179031da3012dac321703a29e4c9fbd26316b,Al Cabones,thealcabones,ERC721
362,0x7f7685b4cc34bd19e2b712d8a89f34d219e76c35,Women Rise,womenrise,ERC721
363,0xd7bea2b69c7a1015aadaa134e564eee6d34149c0,The Association,the-association-nft,ERC721
364,0x3c28de567d1412b06f43b15e9f75129625fa6e8c,Justin Aversano,twinflames,ERC721
365,0x18cd9fda7d584401d04e30bf73fb0013efe65bb0,Gooniez Gang,gooniezgangofficial,ERC721
366,0xdbcab7a768ea9a00b2ffa5a2eb387cad609e2114,Alpha Kongs Club,alphakongsclub,ERC721
367,0xe5e771bc685c5a89710131919c616c361ff001c6,WizNFT,wzrds,ERC721
368,0x03ef30e1aee25abd320ad961b8cd31aa1a011c97,ConiunPass,coniun-pass,ERC721
369,0x4a537f61ef574153664c0dbc8c8f4b900cacbe5d,Mavia Land,mavia-land,ERC721
370,0x77640cf3f89a4f1b5ca3a1e5c87f3f5b12ebf87e,Angry Ape Army,angry-ape-army,ERC721
371,0x1afef6b252cc35ec061efe6a9676c90915a73f18,FLUF World: Thingies,fluf-world-thingies,ERC721
372,0x54266bcf2ffa841af934f003d144957d5934f3ab,Decentraland,decentraland-wearables,ERC721
373,0x78a5e2b8c280fa5580fbe1e1ed546183f959d305,AlphaSharks,alphasharksofficial,ERC721
374,0x0825f050e9b021a0e9de8cb1fb10b6c9f41e834c,#LetsWalk,letswalk,ERC1155
375,0xeda3b617646b5fc8c9c696e0356390128ce900f8,Jadu Hoverboard,jadu-hoverboard,ERC721
376,0x354634c4621cdfb7a25e6486cca1e019777d841b,Mutant Hounds,mutant-hounds,ERC721
377,0x9ca8887d13bc4591ae36972702fdf9de2c97957f,HUXLEY Comics,huxley-comics,ERC721
378,0x6c410cf0b8c113dc6a7641b431390b11d5515082,Egg,rtfkt-animus-egg,ERC721
379,0x98a0227e99e7af0f1f0d51746211a245c3b859c2,Habibiz,thehabibiz,ERC721
380,0x46fdfcb3cd89a1c54d36ee83a4adc184747b40d9,META KONGZ,meta-kongz-official,ERC721
381,0x5845e5f0571427d0ce33550587961262ca8cdf5c,Prime Kong Planet,prime-kong-planet-by-pap,ERC721
382,0x244fc4178fa685af909c88b4d4cd7eb9127edb0b,NetvrkLand,netvrkland,ERC721
383,0x343f999eaacdfa1f201fb8e43ebb35c99d9ae0c1,Loneley Aliens Space Club,lonelyalienspaceclub,ERC721
384,0x2809a8737477a534df65c4b4cae43d0365e52035,MVHQ,metaverse-hq,ERC721
385,0xc1ad47aeb274157e24a5f01b5857830aef962843,Akumu Dragonz,akumu-dragonz,ERC721
386,0x6fc355d4e0ee44b292e50878f49798ff755a5bbc,DeadHeads,deadheads,ERC721
387,0x3f4a885ed8d9cdf10f3349357e3b243f3695b24a,Incognito,incognito-nft,ERC721
388,0xc5e55e4bd5fef12831b5a666fc9e391538acdc45,Dented Feels,dentedfeelsnft,ERC721
389,0x4be3223f8708ca6b30d1e8b8926cf281ec83e770,PartyDegenerates,partydegenerates,ERC721
390,0x40fb1c0f6f73b9fc5a81574ff39d27e0ba06b17b,The Mike Tyson NFT Collection by Cory Van Lew,the-mike-tyson-nft-collection-by-cory-van-lew,ERC721
391,0x87084ec881d5a15c918057f326790db177d218f2,Fancy Bears,fancybearsmetaverse,ERC721
392,0x9f9c171afde4cc6bbf6d38ae4012c83633653b85,PGFKs,pgfk,ERC721
393,0x369156da04b6f313b532f7ae08e661e402b1c2f2,Gen-F,gen-f,ERC721
394,0xc631164b6cb1340b5123c9162f8558c866de1926,Divine Anarchy,divineanarchy,ERC721
395,0x25cd67e2dfec471acd3cdd3b22ccf7147596dd8b,Metroverse Blackout City Block,metroverse-blackout,ERC721
396,0xba627f3d081cc97ac0edc40591eda7053ac63532,Bored & Dangerous,bored-and-dangerous,ERC721
397,0xc379e535caff250a01caa6c3724ed1359fe5c29b,The Plague,the-plague,ERC721
398,0x181aea6936b407514ebfc0754a37704eb8d98f91,yInsureNFT,yinsurenft,ERC721
399,0x950b9476a4de757bb134483029ac4ec17e739e3a,Gutter Birds,gutterpigeons,ERC721
400,0x454cbc099079dc38b145e37e982e524af3279c44,Yakuza Cats Society,theyakuzacatssociety,ERC721
401,0xafb44cef938b1be600a4331bf9904f6cec2fcac3,elliotrades,elliotrades,ERC1155
402,0xa7ee407497b2aeb43580cabe2b04026b5419d1dc,Superlative Secret Society,superlativesecretsociety,ERC721
403,0x0f78c6eee3c89ff37fd9ef96bd685830993636f2,Nuclear Nerds,nuclear-nerds-of-the-accidental-apocalypse,ERC721
404,0x338866f8ba75bb9d7a00502e11b099a2636c2c18,Women and Weapons,womenandweapons,ERC721
405,0xe70659b717112ac4e14284d0db2f5d5703df8e43,Project X,notablepepes,ERC1155
406,0x3a8778a58993ba4b941f85684d74750043a4bb5f,BullsOnTheBlock,bullsontheblock,ERC721
407,0xd77e17ecc3942b6e83f67c56999c5230c70a85a4,Hero Galaxy: Heroes,hero-galaxy-heroes,ERC721
408,0xbd8451d2d5fb88469a764b05c1e0b623c5106145,MERGE,merge-vv,ERC721
409,0x9f9b2b8e268d06dc67f0f76627654b80e219e1d6,pieceofshit,pieceofshit-wtf,ERC721
410,0x4e76c23fe2a4e37b5e07b5625e17098baab86c18,Pixl Pets,pixl-pets-genesis,ERC721
411,0x6efc003d3f3658383f06185503340c2cf27a57b6,YOU THE REAL MVP,youtherealmvp,ERC721
412,0xe77ad290adab2989a81ae62ab2467c01b45feeff,Proceed w/ Caution,proceed-w-caution,ERC1155
413,0x4d3814d4da8083b41861dec2f45b4840e8b72d68,CryptoSpaceCommanders,cryptospacecommanders,ERC721
414,0xdfacd840f462c27b0127fc76b63e7925bed0f9d5,Avid Lines,avid-lines,ERC721
415,0x35e1402fa69c60851ea8b86f04d823ff41796a51,ZodiacCapsule,zodiac-capsules,ERC721
416,0x509a050f573be0d5e01a73c3726e17161729558b,Where My Vans Go,where-my-vans-go,ERC721
417,0x0aa7420c43b8c1a7b165d216948870c8ecfe1ee1,Thingdoms NFT Official,thingdoms,ERC721
418,0xb5643598496b159263c67bd0d25728713f5aad04,YOLO,yoloholiday,ERC721
419,0xa97ad3ce4d36b9d782ca7a2d45b25a052c44dce6,Flur Alpha Pass,fluralpha,ERC721
420,0x9261b6239a85348e066867c366d3942648e24511,MonkeyBet,monkeybet,ERC721
421,0xfb61bd914d4cd5509ecbd4b16a0f96349e52db3d,APE DAO REMIX!,ape-dao-remix,ERC721
422,0x4287bd7cc2b4aa8650e2887055a4674759c216e2,Trait Sniper,trait-sniper-lifetime-access,ERC721
423,0x72d47d4d24018ec9048a9b0ae226f1c525b7e794,BFF,bff-friendship-bracelets,ERC721
424,0xc633787348f652611c3166209d1fc4cd82b30ada,FEWOCiOUS x RTFKT ,fewocious-x-rtfkt,ERC721
425,0x8dc7b6ec6fafa36085ee9ec8e39112428d3360aa,SneakerHeads,sneakerheadsofficial,ERC721
426,0x1554f51f18f8e3fbe83e4442420e40efc57ff446,Pop Art Cats,popartcats,ERC721
427,0xc1922a5abfa18110827c0666b7bbac0389ab7396,CakedApes,cakedapesofficial,ERC721
428,0x2cf6be9aac1c7630d5a23af88c28275c70eb8819,BAP GENESIS BULLS,bullsandapes-genesis,ERC721
429,0x4b103d07c18798365946e76845edc6b565779402,Grandpa Ape Country Club,grandpaapecountryclub,ERC721
430,0x477f885f6333317f5b2810ecc8afadc7d5b69dd2,YuGiYn,yugiyn-official,ERC721
431,0xf7d1f4f8a7818ca3d92b1ca01b8051520b054d57,DenDekaDen Genesis Omikuji,dendekaden,ERC721
432,0x198478f870d97d62d640368d111b979d7ca3c38f,8SIAN,8sian-main-collection,ERC721
433,0xe4605d46fd0b3f8329d936a8b258d69276cba264,Meme Ltd.,meme-ltd,ERC1155
434,0x2a036569dbbe7730d69ed664b74412e49f43c2c0,STEPNNFT,stepnshoeboxes,ERC721
435,0x63217dbb73e7a02c1d30f486e899ee66d0aa5e0b,Ghost Boy,ghost-boy-lives,ERC721
436,0xaa20f900e24ca7ed897c44d92012158f436ef791,ArtAI,eponym,ERC721
437,0xffc1131dda0299b804c97c436bc8cfea019e00a0,Looki,looki,ERC721
438,0x2d0ee46b804f415be4dc8aa1040834f5125ebd2e,Dapper Dinos,dapperdinosnft,ERC721
439,0x5ca8dd7f8e1ee6d0c27a7be6d9f33ef403fbcdd8,Toxic Skulls Club,toxic-skulls-club,ERC721
440,0xa225632b2ebc32b9f4278fc8e3fe5c6f6496d970,DigiDaigakuHeroes,digidaigakuheroes,ERC721
441,0x2079812353e2c9409a788fbf5f383fa62ad85be8,bobutoken,bobutoken,ERC1155
442,0x0ee80069c9b4993882fe0b3fc256260eff385982,LonelyPop,lonelypop,ERC721
443,0xf75140376d246d8b1e5b8a48e3f00772468b3c0c,uwucrew,uwucrew,ERC721
444,0x8184a482a5038b124d933b779e0ea6e0fb72f54e,Wanderers,the-wanderers,ERC721
445,0xcb2411c2b914b000ad13c86027222a797983ef2d,Mindblowon,mindblowon-universe,ERC721
446,0xaaf03a65cbd8f01b512cd8d530a675b3963de255,Seekers,the-seekers,ERC721
447,0xe7489ea1847395d7eead33e9c85fe327d513d249,Neo Tokyo Part 3 Item Caches V2,neo-tokyo-part-3-item-caches,ERC721
448,0x0938e3f7ac6d7f674fed551c93f363109bda3af9,Neo Tokyo Part 3 Item Caches,neo-tokyo-part-3-item-caches-legacy,ERC721
449,0x2efa07cac3395599db83035d196f2a0e7263f766,FlowerGirls,the-flower-girls,ERC721
450,0x809d8f2b12454fc07408d2479cf6dc701ecd5a9f,BBRC OFFICIAL - IVY BOYS,bbrcofficial-ivyboys,ERC721
451,0x3df5c619a4926156f966a64e08f863385c21da0e,HELIX Founder Pass,helix-founder-pass-official,ERC721
452,0x6c424c25e9f1fff9642cb5b7750b0db7312c29ad,Async Art,async-art,ERC721
453,0x80a4b80c653112b789517eb28ac111519b608b19,Crypto Cannabis Club,cryptocannabisclub,ERC721
454,0x1eff5ed809c994ee2f500f076cef22ef3fd9c25d,PEGZ,pegz,ERC721
455,0xddb149ae8e6635df01a530da1e46921bd78dc385,fvck avatar essence,fvck-avatar-essence,ERC1155
456,0x41f20599e9e049004c4d169046eb7023117a6244,Gutter Clone,gutter-clones,ERC721
457,0xbdde08bd57e5c9fd563ee7ac61618cb2ecdc0ce0,CryptoCitizens,cryptocitizensofficial,ERC721
458,0x5501024ddb740266fa0d69d19809ec86db5e3f8b,Psychedelics Anonymous Component #1,psychedelics-anonymous-component-1,ERC721
459,0x19350eb381ab2f88d274e740bd062ab5ff15542e,SkuxxVerse Pass,skuxxversepass,ERC721
460,0x5a0121a0a21232ec0d024dab9017314509026480,Finiliar,finiliar,ERC721
461,0xd9b78a2f1dafc8bb9c60961790d2beefebee56f4,tiny dinos,tiny-dinos-eth,ERC721
462,0x0811f26c17284b6e331beaa2328471107576e601,Undead Pastel Club,undead-pastel-club,ERC721
463,0x7eef591a6cc0403b9652e98e88476fe1bf31ddeb,cdao,cdao,ERC1155
464,0xc22616e971a670e72f35570337e562c3e515fbfe,Playing Arts Crypto Edition,cryptoedition,ERC721
465,0xa1de9f93c56c290c48849b1393b09eb616d55dbb,GNSS,gnssart,ERC721
466,0x5c3cc8d8f5c2186d07d0bd9e5b463dca507b1708,Clementine's Nightmare,official-clementines-nightmare,ERC721
467,0x4f7e2a72a99d45f4fd5a2fc211f8dc5c36a049bd,Girlies,girlies-nft,ERC721
468,0xeb6dffb87315a2bdf4dedf72b993adc960773a0d,Meta Eagle Club,metaeagleclub-mec,ERC721
469,0xefed2a58cc6a5b81f9158b231847f005cf086c01,Hedz,hedz-by-matt-furie,ERC721
470,0x4be3ad153f4c6b10f098e4270e77a434234c5493,Consortium Key,consortium-key,ERC721
471,0x984f7b398d577c0adde08293a53ae9d3b6b7a5c5,Stoner Ape Club,sac,ERC721
472,0x3f93d710ff8c449ea300ad69412e7b8f289a2954,Weirdos,ilyyw,ERC721
473,0x3ca5b00ade54365fbd590d4bc397e044a13068e5,Feudalz,feudalz,ERC721
474,0xf3e778f839934fc819cfa1040aabacecba01e049,Avastar,avastar,ERC721
475,0xd9c036e9eef725e5aca4a22239a23feb47c3f05d,MidnightBreeze,midnightbreeze,ERC721
476,0x76b3af5f0f9b89ca5a4f9fe6c58421dbe567062d,NotOkayBears,not-okay-bears,ERC721
477,0xd0f0c40fcd1598721567f140ebf8af436e7b97cf,Jadu Jetpack,jadu-jetpack,ERC721
478,0xfc2068c3d47b575a60f6a4a7bf60dea0ac368e01,Meta Bounty Hunters,metabountyhunters,ERC721
479,0xa406489360a47af2c74fc1004316a64e469646a5,The Surreals,official-surreals,ERC721
480,0xc3f8a0f5841abff777d3eefa5047e8d413a1c9ab,merge.,m,ERC721
481,0x909899c5dbb5002610dd8543b6f638be56e3b17e,Plasma Bears,plasma-bears,ERC721
482,0xec3a445010a3d8a201d4460c5570de49dda590df,T Thugs,trillionaire-thugs,ERC721
483,0xeaa4c58427c184413b04db47889b28b5c98ebb7b,NFTrees,nftrees,ERC721
484,0x20c70bdfcc398c1f06ba81730c8b52ace3af7cc3,Mutant Garden Seeder,mutant-garden-seeder,ERC721
485,0x1897d69cc0088d89c1e94889fbd2efffcefed778,Gutter Passes,gutter-species-mint-pass,ERC721
486,0x8ee9a60cb5c0e7db414031856cb9e0f1f05988d1,STAPLEVERSE - FEED CLAN,stapleverse-feed-clan,ERC721
487,0xce141c45619e9adbdbdda5af19b3052ff79d5663,ZooFrenzToken,zoofrenznft,ERC721
488,0xc9cb0fee73f060db66d2693d92d75c825b1afdbf,First,firstproject,ERC721
489,0xa6cd272874ee7c872eb66801eff62784c0b13285,Seizon,seizonofficial,ERC721
490,0x704bf12276f5c4bc9349d0e119027ead839b081b,Timeless,timelessnfts,ERC721
491,0x2a6d6a082c410a195157ec4caf67cb9fd718f087,spider tanks,spider-tanks,ERC1155
492,0x36f4d96fe0d4eb33cdc2dc6c0bca15b9cdd0d648,gmDAO Token v2,gm-token,ERC721
493,0x9d6a7159e5accfc6520932f0f81a47e2ffd349a3,GentsCroquetClub,gents-croquet-club-official,ERC721
494,0xfac0b889703ab4db3426ef67d437bee3408941ac,The Indifferent Duck,theindifferentduck,ERC721
495,0x64a1c0937728d8d2fa8cd81ef61a9c860b7362db,KILLABITS,killabits,ERC721
496,0x61e3d1c26802df805e9fc22dc26342e29ecfe860,Savage Nation,savage-nation,ERC721
497,0xa9ba1a433ec326bca975aef9a1641b42717197e7,Gangster All Star: Evolution,evolution-boxes,ERC721
498,0x2dff22dcb59d6729ed543188033ce102f14ef0d1,Goopdoods,g00p,ERC721
499,0x27787755137863bb7f2387ed34942543c9f24efe,Factura by Mathias Isaksen,factura-by-mathias-isaksen,ERC721
500,0x8280d56ac92b5bff058d60c99932fdecdcc9441a,BCCG,bccg,ERC1155
501,0x06911466341299d79e9e1368a016c73d009691cc,FewoWorld Paint,fewoworld-paint,ERC721
502,0xb159f1a0920a7f1d336397a52d92da94b1279838,Royal Society,royalsocietyofplayers,ERC721
503,0xfeb56aaf59f8c17300f4d8306365a491b05b6602,Beeings,thebeeings,ERC721
504,0xcd1dbc840e1222a445be7c1d8ecb900f9d930695,rtfkt x jeffstaple,rtfkt-x-jeffstaple,ERC1155
505,0x4d928fada59f3446627c5bea707a81e006cf676f,VeeCon,veecon-2022-tickets,ERC721
506,0x5ad0f6563f83b68b69ed3db5dc69e0748a8a2e5c,Monfters Club,monftersclub,ERC721
507,0x86cc280d0bac0bd4ea38ba7d31e895aa20cceb4b,Karma,karma-monkey,ERC721
508,0xda9f43015749056182352e9dc6d3ee0b6293d80a,EtherLambos,etherlambos,ERC721
509,0xfe190723a465c99293c4f035045c0a6880d25dbe,420.game Green Pass,looklab-passes,ERC1155
510,0xeeca64ea9fcf99a22806cd99b3d29cf6e8d54925,Sproto Gremlins,sproto-gremlins,ERC721
511,0x5079fc4e96338be1b5aff236ff4b00ec4452b2d3,ocm dessert,ocm-dessert,ERC1155
512,0xe1d7a7c25d6bacd2af454a7e863e7b611248c3e5,JUUNI Grimoire,juuni-grimoire,ERC721
513,0xf621b26ce64ed28f42231bcb578a8089f7958372,Bored Mummy Waking Up,bored-mummy-waking-up,ERC721
514,0x8f1b132e9fd2b9a2b210baa186bf1ae650adf7ac,Quirklings,quirklings,ERC721
515,0x68f4ba8018216542ac2ab8125166be66304dd71c,DGFamily Glass,dolce-gabbana-dgfamily-glass,ERC721
516,0xbbe23e96c48030dc5d4906e73c4876c254100d33,RebelBots,rebelbots,ERC721
517,0x80f1ed6a1ac694317dc5719db099a440627d1ea7,IKB Cachet de Garantie,ikb-cachet-de-garantie-1,ERC721
518,0x8c5029957bf42c61d19a29075dc4e00b626e5022,Alpha Girl Club,alphagirlclub,ERC721
519,0xe5af63234f93afd72a8b9114803e33f6d9766956,fRiENDSiES,friendsies,ERC721
520,0xcd041f40d497038e2da65988b7d7e2c0d9244619,UNDW3 Lacoste,lacoste-undw3-card,ERC721
521,0x89ecbeb233aa34c88c5d7d02d8113726dbc1bc78,Fortune Media,fortune-media,ERC721
522,0x7eaa96d48380802a75ed6d74b91e2b30c3d474c1,CPG Pop,cpg-pop,ERC721
523,0x139732c3f717071843f90977d93400393bdf9664,MPL,mpl-official,ERC721
524,0xcca8050215e585e2a223c6ea9d1d1f9b30beaf3e,CryptoSimeji,cryptosimeji-official,ERC721
525,0x7fda36c8daedcc55b73e964c2831d6161ef60a75,Yaypegs,yaypegs,ERC721
526,0x9eeeaf684e228c2d5c89435e010acc02c41dc86b,Bricktopians,bricktopians-by-law-degree,ERC721
527,0x2a48420d75777af4c99970c0ed3c25effd1c08be,MV3NFT,MV3,ERC721
528,0xabf66ca534f8a5081303e3873f0f4771c67b7b45,TWD Walker Access Pass,thewalkingdeadofficial,ERC721
529,0x18487d2cac946c7fe800855c4039aac210f68baa,GenerativeDungeon,generativedungeon,ERC721
530,0x8442dd3e5529063b43c69212d64d5ad67b726ea6,Goons,goonsofbalatroon,ERC721
531,0x48355ce6ba377d06335be9499feaf735948484bc,BEANS - Dumb Ways to Die,beans-dumb-ways-to-die,ERC721
532,0xe70da20a2b10d60ca620a4e494fe2b37c9499e97,GenesisApostle,apostles-genesis,ERC721
533,0x21850dcfe24874382b12d05c5b189f5a2acf0e5b,KILLAz,thekillaz,ERC721
534,0x97ca7fe0b0288f5eb85f386fed876618fb9b8ab8,Ether Cards Founder,ether-cards-founder,ERC721
535,0xc9d198089d6c31d0ca5cc5b92c97a57a97bbfde2,Space Riders,spaceridersnft,ERC721
536,0xbbb62c4b8ed027530ce5f6663d1a2aa8a7e8cacf,RarePass,rarepass-genesis,ERC721
537,0xcdb7c1a6fe7e112210ca548c214f656763e13533,Ready Player Cat NFT,ready-player-cat-nft,ERC721
538,0x2d3f39663d43c0862589a8a24bf05ccd44b0ac4d,StackedToadz,stackedtoadz,ERC721
539,0x6317c4cab501655d7b85128a5868e98a094c0082,Monsterbuds,thebuds-genesis,ERC721
540,0x0d0167a823c6619d430b1a96ad85b888bcf97c37,ExpansionPunks,expansionpunks,ERC721
541,0x55d89273143de3de00822c9271dbcbd9b44b44c6,Turf,turfnft,ERC721
542,0xf7479f9527c57167caff6386daa588b7bf05727f,MegaPunksPOP,megapunks-pop,ERC721
543,0x9705a7113363a383c8a96689e20286abe6612bb3,QuantumKeyRing,quantum-key,ERC721
544,0xb9341cca0a5f04b804f7b3a996a74726923359a8,OFF BLUE,off-blue,ERC1155
545,0x9ebab3b21b5ef5709bd476b022fc432fc84c0e86,OogaVerse,oogaverse,ERC721
546,0xf9c362cdd6eeba080dd87845e88512aa0a18c615,Meta-Legends,meta-legends,ERC721
547,0x0e32cee0445413e118b14d02e0409303d338487a,Digital Tycoons Club (Tykes),tykes,ERC721
548,0x8630cdeaa26d042f0f9242ca30229b425e7f243f,Claylings,theclaylings,ERC721
549,0x283c0bba69ebd4643cfce761b34b0206e75b2091,Super Puma,super-puma,ERC721
550,0xe3f92992bb4f0f0d173623a52b2922d65172601d,Knights of Degen,knights-of-degen-official,ERC721
551,0x85f0e02cb992aa1f9f47112f815f519ef1a59e2d,PolkamonOfficialCollection,polychainmonsters,ERC721
552,0xa5c807a62cd6774d6bf518dd2dec0ae17446ad8d,SoulZ Monogatari,soulz-monogatari,ERC721
553,0xd3605059c3ce9facf625fa72d727508b7b7f280f,Pablos,pablos-lol,ERC721
554,0xd5a73977e6effc252a7f1af4548ba11ff7187616,MultiverseVM,multiversevm,ERC721
555,0xc6c817cd60e17fed0af2a759624e02dd6c812e64,MetaBillionaire,metabillionaire,ERC721
556,0x8707276df042e89669d69a177d3da7dc78bd8723,DOPE,dope-v4,ERC721
557,0xf3e6dbbe461c6fa492cea7cb1f5c5ea660eb1b47,FameLadySquad,fameladysquad,ERC721
558,0x8cb813bf27dc744fc5fb6ba7515504de45d39e08,PolkaPets,polkapets,ERC1155
559,0x73883743dd9894bd2d43e975465b50df8d3af3b2,Doge Pound Puppies,doge-pound-puppies-real,ERC721
560,0xac5c7493036de60e63eb81c5e9a440b42f47ebf5,Exosama,exosama-expect-chaos,ERC721
561,0xaaa7a35e442a77e37cde2f445b359aabf5ad0387,StreetMachine,streetmachine,ERC721
562,0x7c6f282efbe06e93de4ab5e646478bee20f966b8,Legionfarm Celebrities Collection,legionfarm-gaming-heroes-1,ERC721
563,0xb5f3dee204ca76e913bb3129ba0312b9f0f31d82,Omnimorphs,omnimorphs,ERC721
564,0x0ee24c748445fb48028a74b0ccb6b46d7d3e3b33,NAH FUNGIBLE BONES,nah-fungible-bones,ERC721
565,0x0beed7099af7514ccedf642cfea435731176fb02,DuskBreakers,duskbreakers,ERC721
566,0x8ee5dd62a654a60f6f17a99d544102f37b58da26,illogics,illogics,ERC721
567,0x96be46c50e882dbd373081d08e0cde2b055adf6c,ASMAIFAAllStarsCharacter,asm-aifa-all-stars,ERC721
568,0xd70f41dd5875eee7fa9dd8048567bc932124a8d2,DeepBlack,bitairt,ERC721
569,0x0a098221bb295704ac70f60def959828f935ac4e,Kumo x World,kumo-x-world-residents,ERC721
570,0x19445bb9f1b704dd973f8f9a4dce5ea5e55444da,Applied Primate Engineering,applied-primate-keycard,ERC721
571,0xeaba5e00a03a603c63c4c72590219950021b21c0,FEWOCiOUS,fewocious,ERC721
572,0xf64e6fb725f04042b5197e2529b84be4a925902c,ZenAcademy,zenacademy,ERC1155
573,0x8bf2f876e2dcd2cae9c3d272f325776c82da366d,Extension Loot,xloot,ERC721
574,0x050dc61dfb867e0fe3cf2948362b6c0f3faf790b,Wrapped PixelMap,pixelmap,ERC721
575,0x6d0de90cdc47047982238fcf69944555d27ecb25,Regulars,regulars,ERC721
576,0x614917f589593189ac27ac8b81064cbe450c35e3,Letters,letters-by-vinnie-hager,ERC721
577,0x9c38bc76f282eb881a387c04fb67e9fc60aecf78,Coodles,coodles,ERC721
578,0x7cae7b9b9a235d1d94102598e1f23310a0618914,CROAKZ,croakz-v2-1,ERC721
579,0x8ed0e7404675d5c7f5b4f2a829138afcaf53d2ab,X-Consoles,x-consoles-0xnft,ERC721
580,0xacfa101ece167f1894150e090d9471aee2dd3041,Feline Fiendz,felinefiendznft,ERC721
581,0xb228d7b6e099618ca71bd5522b3a8c3788a8f172,Poolsuite - Executive Member,poolsuite-executive-member,ERC721
582,0xdf3407636bbf3a015a8e48a079ef7ba49e687fd3,GhostsProject,ghostsproject,ERC721
583,0x9759226b2f8ddeff81583e244ef3bd13aaa7e4a1,Purrnelopes Country Club,purrnelopes-country-club,ERC721
584,0xf07468ead8cf26c752c676e43c814fee9c8cf402,CryptoPhunksV2,crypto-phunks,ERC721
585,0x3fd36d72f05fb1af76ee7ce9257ca850faba91ed,ElectricSheep,ultiverse-electric-sheep,ERC721
586,0x0e42ffbac75bcc30cd0015f8aaa608539ba35fbb,Mind the Gap by MountVitruvius,mind-the-gap-by-mountvitruvius,ERC721
587,0x368ad4a7a7f49b8fa8f34476be0fc4d04ce622f5,OGCR,og-crystals,ERC721
588,0x5a0d4479aed030305a36a1fb516346d533e794fb,Moshi Mochi,moshimochi,ERC721
589,0x74ecb5f64363bd663abd3ef08df75dd22d853bfc,Gauntlets,gauntlets,ERC721
590,0x0bb3e1c80c0ffde985fb0ec6392aa18a1d2de40e,Fatales,fatales,ERC721
591,0x026224a2940bfe258d0dbe947919b62fe321f042,lobsterdao,lobsterdao,ERC721
592,0xc527ede68f14a4a52c32a1264cc02fb5ea6bb56d,Squishiverse,squishiverse,ERC721
593,0x00039fc9e54a042a0bdc85a0baf3a0274c3564dc,The Million Dollar Punk Draw,the-million-dollar-punk-draw,ERC1155
594,0x2e734269c869bda3ea6550f510d2514f2d66de71,strongblock nfts,strongblock-nfts,ERC1155
595,0x40a0f793ccfd9bc6f2532d06d022be0f978ecbf3,Laid Back Llamas,laid-back-llamas-collection,ERC721
596,0x0427743df720801825a5c82e0582b1e915e0f750,0xmons.xyz,0xmons-xyz,ERC721
597,0x0a8d311b99ddaa9ebb45fd606eb0a1533004f26b,ETH GOBBLERS,eth-gobblers,ERC721
598,0xb08a61d96108136439180ad3f3e340a24e448f6b,Mirror Passes,mirror-passes,ERC721
599,0xf36446105ff682999a442b003f2224bcb3d82067,Axolittles,axolittles,ERC721
600,0x83979584ec8c6d94d93f838a524049173deba6f4,JPEG Cards,jpeg-cards,ERC721
601,0x2d004b72d8b7d36f9da2e4a14516618bf53bac57,Furballs,furballs-com-official,ERC721
602,0xa4631a191044096834ce65d1ee86b16b171d8080,CreatureToadz,creaturetoadz,ERC721
603,0x31f3bba9b71cb1d5e96cd62f0ba3958c034b55e9,Party Penguins,party-penguins,ERC721
604,0xaa6612f03443517ced2bdcf27958c22353ceeab9,Bamboozlers,bamboozlers,ERC721
605,0xf3114dd5c5b50a573e66596563d15a630ed359b4,Fat Ape Club,fat-ape-club-1,ERC721
606,0xf3ec2d6394fc899a5dc1823a205670ebb30939cc,Creepz Invasion Pass,creepz-invasion-pass,ERC1155
607,0x0be4e2375eccb6df1c2f110fd9c3abd9a1b1b117,Genesis Dimensional Stones,genesis-dimensional-stones,ERC721
608,0xbc4ca343167a5e2d9f700cf5b6b3f849585cd6fc,The 140 Collection,the-140-collection,ERC1155
609,0x3bf447963c8d8bdf06751528de40efb0849f3037,GossApeGirl,gossapegirl-official,ERC721
610,0xcfc6a15b2952b6014a993a0c16c9d580d862e21a,Neo Tokyo Part 4 Land Deeds V2,neo-tokyo-part-4-land-deeds,ERC721
611,0x17ed38f5f519c6ed563be6486e629041bed3dfbc,PXQuest Adventurer,chronoforge,ERC721
612,0x80416304142fa37929f8a4eee83ee7d2dac12d7c,Generativemasks,generativemasks,ERC721
613,0x5bdf397bb2912859dbd8011f320a222f79a28d2e,Corruptions,corruption-s,ERC721
614,0x15a2d6c2b4b9903c27f50cb8b32160ab17f186e2,Goofy Oversized Optics People,goop-troop,ERC721
615,0x1710d860034b50177d793e16945b6a25c7d92476,ZombieToadz,zombietoadzofficial,ERC721
616,0xd1d411d2da363144248b98adab453aa3b19ccf04,Rug Radio Membership Pass,rug-radio-membership-pass,ERC721
617,0xe885d519025348e30174a218be3e3e4754222860,Woodies Mint Passport,woodies-mint-passport,ERC1155
618,0xc3ae6e60a37a5f7d6d68e60c45b1ae50da233bd4,10ktf gucci grail mint pass,10ktf-gucci-grail-mint-pass,ERC1155
619,0x47f3a38990ca12e39255e959f7d97fbe5906afd4,Ape Reunion,apereunion,ERC721
620,0xbf662a0e4069b58dfb9bcebebae99a6f13e06f5a,Toy Boogers,toyboogers,ERC721
621,0x2216d47494e516d8206b70fca8585820ed3c4946,Waifus,waifusion,ERC721
622,0x569f26145f0c2fcc3da68395be3639009c53b6d8,A.N.I.M.O,animo-official,ERC721
623,0x1347a97789cd3aa0b11433e8117f55ab640a0451,Long Lost,the-long-lost,ERC721
624,0xcfff4c8c0df0e2431977eba7df3d3de857f4b76e,RiverMen,rivermen,ERC721
625,0x7e9b9ba1a3b4873279857056279cef6a4fcdf340,noble gallery,noble-gallery,ERC1155
626,0x8c186802b1992f7650ac865d4ca94d55ff3c0d17,Ninja Squad,ninja-squad-official,ERC721
627,0x648e8428e0104ec7d08667866a3568a72fe3898f,DystoApez,dystoapez-official,ERC721
628,0x0ffa87cd27ae121b10b3f044dda4d28f9fb8f079,Sidus NFT Heroes,sidus-nft-heroes,ERC721
629,0xbfe47d6d4090940d1c7a0066b63d23875e3e2ac5,SchizoPosters,schizoposters,ERC721
630,0xad265ab9b99296364f13ce5b8b3e8d0998778bfb,Meta Angels,metaangelsnft,ERC721
631,0x5754f44bc96f9f0fe1a568253452a3f40f5e9f59,CryptoHoots Steampunk Parliament,cryptohoots-steampunk-parliament,ERC721
632,0x49ac61f2202f6a2f108d59e77535337ea41f6540,Star Sailor Siblings,starlingsnft,ERC721
633,0x345c2fa23160c63218dfaa25d37269f26c85ca47,Samurai Saga,samuraisaga,ERC721
634,0x23cd7da31501aa54f61384a3756fb4a1329dbb2c,MakersPlace Beeple,beeple-5000,ERC721
635,0x589b89164ce781475df59db280b42b13a640100d,GFT Atari 50th Anniversary,gft-atari-50th-anniversary,ERC721
636,0xcbeb9b45ba9fbfbbccc289ee48dadd6fb65ae2a7,ALPHA PRESTIGE,alpha-prestige-fusionist-official,ERC721
637,0xd497a414bb00803e846b53d07fcb742831b24906,Tigerbob,tigerbobnft-genesis,ERC721
638,0xccee4d557588e982ecf3a2391d718c76589d8af9,CryptoZoo Base Egg,cryptozoo-co,ERC721
639,0xf220db48f0d3ca8a9833e0353e7497dbceae7ac6,Karafuru Gachapon,karafuru-gachapon,ERC721
640,0xdda32aabbbb6c44efc567bac5f7c35f185338456,Cypher,ht-cypher,ERC721
641,0x838804a3dd7c717396a68f94e736eaf76b911632,ZenApe,zenapenft,ERC721
642,0xca95777971c7c438eecbd8bfc23249fbee99e716,Mutant Shiba Club,mutantshibaclub,ERC721
643,0x1db61fc42a843bad4d91a2d788789ea4055b8613,Chubbies,chubbies,ERC721
644,0x3eacf2d8ce91b35c048c6ac6ec36341aae002fb9,GOATz,maisondegoat,ERC721
645,0x496a2d17a89cbc4248e9b52c8003a50c648fbca0,PeopleInThePlaceTheyLove,peopleintheplacetheylove,ERC721
646,0x22acc8f4d79d17fb14e59682ece8a3efccc00a39,Pepsi Mic Drop,pepsi-mic-drop,ERC721
647,0x011c77fa577c500deedad364b8af9e8540b808c0,ImmortalPlayerCharacter,immortalplayercharacter,ERC721
648,0xdd467a6c8ae2b39825a452e06b4fa82f73d4253d,MarsCatsVoyage,marscatsvoyage,ERC721
649,0x54616c0815c306fc22417b96282ca4aa6f47d357,troll-town.wtf,troll-townwtf,ERC721
650,0xe22e1e620dffb03065cd77db0162249c0c91bf01,BearX,bearxlabs,ERC721
651,0xdcc2a6f7cf14b5d2fc0f2731faf0a37b914a0c82,Noodles,noodlesnft-official,ERC721
652,0xd4048be096f969f51fd5642a9c744ec2a7eb89fe,HalloweenBears,halloweenbears,ERC721
653,0xb18380485f7ba9c23deb729bedd3a3499dbd4449,SmallBrosNFT Official,smallbros,ERC721
654,0x134460d32fc66a6d84487c20dcd9fdcf92316017,Woodie,woodies-generative,ERC721
655,0x518ba36f1ca6dfe3bb1b098b8dd0444030e79d9f,Wonky Stonks,wonky-stonks,ERC721
656,0x7614632d063fb1f335b36c612f8dfc52e5c62420,HoshiboshiAries,hoshiboshi-aries,ERC721
657,0xf48b45479ba7e121a3542626d5a5f3b07ec5b65d,Outlaws,outlawsdotwtf,ERC721
658,0xc2d6b32e533e7a8da404abb13790a5a2f606ad75,Revenants by Alethea AI,revenants-by-alethea-ai,ERC721
659,0x42dc0cecefbaf8e81d631a75fa212510c347f66b,BasedHeads,basedheads,ERC721
660,0xb16dfd9aaaf874fcb1db8a296375577c1baa6f21,Nyolings,nyolings,ERC721
661,0xaa3fdc4a0700b82c9aa80655624d32701dc92946,Joker Charlie Club Genesis,joker-charlie-club-genesis,ERC721
662,0xc6735852e181a55f736e9db62831dc63ef8c449a,Rogue Society Bots,roguesocietybot,ERC721
663,0x0972290a80333d19c6703073c3e57134a4ca0127,RTFKT BONUS ITEMS,rtfkt-bonus-items,ERC1155
664,0xd668a2e001f3385b8bbc5a8682ac3c0d83c19122,KingFrogs,kingfrogs,ERC721
665,0xdb55584e5104505a6b38776ee4dcba7dd6bb25fe,Visitors of Imma Degen,visitors-of-imma-degen,ERC721
666,0x32bb5a147b5371fd901aa4a72b7f82c58a87e36d,Bit Bears,berachain-bit-bears,ERC721
667,0x65c234d041f9ef96e2f126263727dfa582206d82,Rabbitars,playboyrabbitars,ERC721
668,0x47a00fc8590c11be4c419d9ae50dec267b6e24ee,Alien Frens Evolution,alien-frens-evolution,ERC721
669,0x5911a6da952a9d1b67be13cecb389ad247420360,benji bananas membership pass,benji-bananas-membership-pass,ERC1155
670,0x4581649af66bccaee81eebae3ddc0511fe4c5312,TheAlienBoy,thealienboy,ERC721
671,0x9c8d2f53f6bff84458f1c84fdaa1e4852ca958e3,Super Creators By IAC,supercreatorsorigins,ERC721
672,0xbabe3dec32fa870b4125b9cad1cea498dcb116c9,INNOCENT CATS,innocentcats-nft,ERC721
673,0x80adb36595239fe918c7d118c1f81e07d070801a,HeavenComputer,heavencomputer,ERC721
674,0x30cdac3871c41a63767247c8d1a2de59f5714e78,0bits,obitsofficial,ERC721
675,0x792496a3f678187e59e1d1d5e075799cd1e124c2,Squishy Squad,squishy-squad,ERC721
676,0xdd70af84ba86f29bf437756b655110d134b5651c,iNFT Personality Pod,intelligence-pods-by-alethea-ai,ERC721
677,0x52e66ca968010d064938a8099a172cbaaf08c125,The Orbs,theorbsbybt,ERC721
678,0x9940bb667f64fca06fc4127861855696def7c69d,e code,e-code,ERC1155
679,0xbba205283253e7adb8be4a0b03600c9ab4924974,KREEPY CLUB,kreepyclub,ERC721
680,0x5eaeadda470245343249452e744e423f489abbc4,Elftown.wtf,elftown-wtf,ERC721
681,0x4b570b636e4f744199ec82f52d69b08b394ab850,DopeApeClub,dopeapeclubdao,ERC721
682,0xbaeec315f9d7f8db2645edfd5633360f152279bc,Rengoku,rengoku-legends-samurai,ERC721
683,0xf0d2d631a24db247f5eb0421fa3e6a169c72565f,Hedgies by dYdX,hedgies,ERC721
684,0x65b28ed75c12d8ce29d892de9f8304a6d2e176a7,ChubbyKaijuDAO,chubbykaijudao,ERC721
685,0xe34c28c7dc4fa20ceb7a9268345e83a5c7060136,NFTHUD Membership Token,nfthud-membership-token,ERC721
686,0x12787526c03d626aac88e6edc4d0fb930d86c631,Supreme Kong,supremekong,ERC721
687,0xb184b9414e7d7c436b7097ed2c774bb56fae392f,Society of Derivative Apes,sodativity,ERC721
688,0x08f0b2a4351514e63e9e03a661adfe58d463cfbc,TheProjectURS,theprojecturs,ERC721
689,0xe0be388ab81c47b0f098d2030a1c9ef190691a8a,Unemployables,unemployables,ERC721
690,0x2c4929295042cb95ab1900d323d634ee8def3c7a,CosmodinosOmega,cosmodinos-omega,ERC721
691,0x12f28e2106ce8fd8464885b80ea865e98b465149,Beeple Special Edition,beeple-special-edition,ERC721
692,0x07a8ba3f4fd4db7f3381c07ee5a309c1aace9c59,The Space Bulls,thespacebullstsb,ERC721
693,0x19cb5b009bdad0dad0404dd860b0bea75465e678,TrippyToadz,trippytoadznft,ERC721
694,0xcb45dce241a6f6f1e874e9925bea5840f3fd7d3a,LoudPunx,loudpunx,ERC721
695,0x99cd66b3d67cd65fbafbd2fd49915002d4a2e0f2,MEV Army,mev-army,ERC721
696,0x89c3df79aa8a3cbc96caf32f83eba8f1bd3787b9,Genesis Oath,genesis-oath,ERC1155
697,0x4a8b01e437c65fa8612e8b699266c0e0a98ff65c,Space Poggers,spacepoggers,ERC721
698,0x7887f40763ace5f0e8320181fd5b42776d35b1ff,Haki,hakinft-io,ERC721
699,0xc4973de5ee925b8219f1e74559fb217a8e355ecf,HOPE,azragames-thehopeful,ERC721
700,0x4481507cc228fa19d203bd42110d679571f7912e,Neo Tokyo Outer Citizen V2,neotokyo-outer-citizens,ERC721
701,0xdedf88899d7c9025f19c6c9f188deb98d49cd760,Murakami Lucky Cat Coin Bank,murakami-lucky-cat-coin-bank,ERC721
702,0x35b0ecc952cef736c12a7ef3a830f438f67912b3,Yokai Kingdom,yokai-kingdom,ERC721
703,0xa7b6cb932eecacd956454317d59c49aa317e3c57,Psychedelics Anonymous Component #2,psychedelics-anonymous-component-two,ERC721
704,0x3bf99d504e67a977f88b417ab68d34915f3a1209,HENI Editions Deed - The Empresses,empresses,ERC721
705,0xa4d5fb4ff0fa1565fb7d8f5db88e4c0f2f445046,Notorious Frogs,notorious-frogs,ERC721
706,0x91cc3844b8271337679f8c00cb2d238886917d40,Bunny Buddies,bunny-buddies,ERC721
707,0xddf65c5f5e1656125feb6a856f77f3d1524840e7,AotuNFT,aotuworldnft,ERC721
708,0x6cc462bc49cecfe943bc4f477b23b92906e6074f,League of Kingdoms Land,lokland,ERC721
709,0x8cae61967466ebbf15c12dc802b29594bc04efc6,Chungos,chungos,ERC721
710,0x667d28ca8a8f4391fe13c92d36e60c7615d2f8db,CosmicBloom,cosmic-bloom-by-leo-villareal,ERC721
711,0xc7cc3e8c6b69dc272ccf64cbff4b7503cbf7c1c5,The Fungible by Pak,the-fungible-by-pak,ERC721
712,0xc541fc1aa62384ab7994268883f80ef92aac6399,RTFKT Capsule : Space Drip #1.2,rtfkt-capsule-space-drip-1-2,ERC721
713,0x13015585932752a8e6dc24be6c07c420381af53d,IreneDAO,irenedao,ERC721
714,0xd44078705456c4f4517a659953f5296e5328f8b8,Apes-R-Us,katun-apes-r-us,ERC1155
715,0x0bd4d37e0907c9f564aaa0a7528837b81b25c605,Llama Pass,llamaboost,ERC1155
716,0xe27a60f3cf27f716ac998b61492a36090973aac7,BearGame,thebeargame,ERC721
717,0x71ec7986247914b28e983d63066eae42eb38a020,Hashflow,hashflow-official,ERC721
718,0xe31125ba759377a1dd6197db94d698079ece11b2,Little Tinas Fantasy,little-tinas-fantasy,ERC721
719,0x4ad4455ad5ef891695c221e8e683efa65fabede0,BullrunBabesToken,bullrunbabestoken,ERC721
720,0x9712228ceeda1e2ddde52cd5100b88986d1cb49c,Wulfz,wulfz-official,ERC721
721,0x75335297cb5029c2a9acb2b47507f18ffd48e96c,GOBLIN GRLZ,goblin-grlz,ERC721
722,0xba72b008d53d3e65f6641e1d63376be2f9c1ad05,Hydro Whales Mining Club,hydro-whales-mining-club-official,ERC721
723,0x5078981549a1cc18673eb76fb47468f546aadc51,feetpix,feetpixwtf,ERC721
724,0x916fb29aa1a560c4540401b30c8199611d3a1809,Women Tribe,official-women-tribe,ERC721
725,0x5f076e995290f3f9aea85fdd06d8fae118f2b75c,Utopia,utopiaavatars,ERC721
726,0x338be3d8d0209815601e72f7a04ac7f37d61564b,VOX Series 3,collectvoxthewalkingdead,ERC721
727,0x4d232cd85294acd53ec03f4a57f57888c9ea1946,Metamorphosis,ashmetamorphosis,ERC721
728,0xd31fc221d2b0e0321c43e9f6824b26ebfff01d7d,Brotchain,brotchain,ERC721
729,0x86f6bf16f495afc065da4095ac12ccd5e83a8c85,Crazy Lizard Army,crazy-lizard-army,ERC721
730,0x11739d7bd793543a6e83bd7d8601fcbcde04e798,Wrapped Strikers,wrapped-strikers,ERC721
731,0x496299d8497a02b01f5bc355298b0a831f06c522,Ascended NFT,ascended-nft-official,ERC721
732,0xc657c2a3bd558716b3f6b843ef09c0fc628e4977,Cosmic Cats,cosmiccatsofficial,ERC721
733,0x91680cf5f9071cafae21b90ebf2c9cc9e480fb93,frank,frankfrank,ERC721
734,0xc7e4d1dfb2ffda31f27c6047479dfa7998a07d47,Aopanda Party,aopanda-party,ERC721
735,0xc6f2efee7c6bb7a315e9f3c9afa455b4aa548023,Big Cats,big-cats-official-collection,ERC721
736,0x49c36afa15c7fdbd57ce3d61d80f39b6615a76ef,Invisible Friends 3D,3d-invisible-friends,ERC721
737,0x0000000005756b5a03e751bd0280e3a55bc05b6e,Villagers of XOLO,villagers-of-xolo,ERC721
738,0x40948a124b632a900a58ad01e2ef0534b97a1087,Dodoor NFT,dodoor-nft,ERC721
739,0x920a8d9e9f0defd6f86e4388a5503b04cac83b57,DeadFrenz,deadfrenz-collection,ERC721
740,0xc86664e7d2608f881f796ee8e24fa9d4d7598406,WAGMI ARMY,wagmiarmy,ERC721
741,0x5755ab845ddeab27e1cfce00cd629b2e135acc3d,Larva Lads,larva-lads,ERC721
742,0x1e87ee9249cc647af9edeecb73d6b76af14d8c27,Superlative Apes,migratingcollection,ERC721
743,0xb1469271ff094d7fb2710b0a69a80a01ec5dbf24,Deez Nuts,bofadeeznuts,ERC721
744,0x98c7fa114b2fe921ba97f628e9dcb72890491721,EtherPOAP OG,etherpoap-og,ERC721
745,0x21bf3da0cf0f28da27169239102e26d3d46956e5,Monaco Planet,monacoplanetyacht,ERC721
746,0x33a237b384b7065c815f7c745d73a0acf140449c,Tsuki,tales-of-tsuki-genesis,ERC721
747,0x9e8b85dbb082255bd81c5b25323b694bc799a616,CerealClub,cerealclub,ERC721
748,0xad6dc35442d766f87f9296f17ba45e23518bc5f3,Paladin Pandas,paladin-pandas,ERC1155
749,0x9f83b08d90eeda539f7e2797fed3f6996917bba8,KINGSHIP,therealkingship,ERC721
750,0xb2e4e69527d57fa108c535721c057075a7a82e86,Magic Mushroom Clubhouse,magic-mushroom-clubhouse,ERC721
751,0xa3b7cee4e082183e69a03fc03476f28b12c545a7,Chill Frogs,chill-frogs,ERC721
752,0x68930072647a0d79e601d5ee3914833ae9148247,Wavelength,wavelengthbykalebjohnston,ERC721
753,0xc9e2c9718ff7d3129b9ac12168195507e4275cea,0xVampire,0xvampire-project,ERC721
754,0x22d4c35a4f2b229a928b1b569b2f60225976426a,FroyoKittens,froyokittenscollection,ERC721
755,0x1d0ec4a86ac39fef4485169b4d14dc39d0ea64cd,SNIF,snif,ERC721
756,0x60f3680350f65beb2752788cb48abfce84a4759e,Colorglyphs,colorglyphs,ERC721
757,0x3d70f643e6eed7af3bd1fd501dacd5ae677818b5,SUPERPLASTIC: HEADTRIPZ PILLZ,superplastic-headtripz-pillz,ERC1155
758,0x8ce578bad214d59aefafb49bd20408e81271796f,BoringPunks,boringpunksnft,ERC721
759,0x335eeef8e93a7a757d9e7912044d9cd264e2b2d8,Sad Girls Bar,sadgirlsbar,ERC721
760,0xe8f88d16f24255fcfab25959705d724406d67d9d,NFTiff,nftiff,ERC721
761,0x9b091d2e0bb88ace4fe8f0fab87b93d8ba932ec4,Neo Tokyo Outer Citizen,neotokyo-outer-citizens-legacy,ERC721
762,0xe12edaab53023c75473a5a011bdb729ee73545e8,CHIBI DINOS,chibidinos,ERC721
763,0x279c53df917579bb454b61555982dac1750187d9,grumpls,grumpls,ERC721
764,0x83f82414b5065bb9a85e330c67b4a10f798f4ed2,KaijuMutant,kaijumutant,ERC721
765,0x277f448a4d43318ea626fd224b3bf77295387d68,SeizeTheMeebs,seizethemeebs,ERC1155
766,0x8eaa9ae1ac89b1c8c8a8104d08c045f78aadb42d,Tableland Rigs,tableland-rigs,ERC721
767,0x9d20cff2db7e1c23c3fc6ef000ea0f36b428e3f5,HALO NFT,halo-official,ERC721
768,0x253ef258563e146f685e60219da56a6b75178e19,rtfkt x rimowa,rtfkt-x-rimowa,ERC1155
769,0x537b2279d8f625a1b74cf3c1f0e2122fb047a6b0,TronWars,thetronwars,ERC721
770,0xd374410e9bb22f3771ffbd0b40a07c0cf44a04fc,nifty portal,nifty-portal,ERC1155
771,0x2dec96736e7d24e382e25d386457f490ae64889e,Peacefall,peacefall,ERC721
772,0x4222b2a98daa443c6a0a761300d7d6bfd9161e52,Illuvium IDO Collection,illuvium,ERC1155
773,0x2e541cec5cb41e7678ac3c8e91acb3fc1db0da07,For the Culture,ftc-official,ERC721
774,0xe3c783d9647d72f7f13ace64892630e7e33bc968,FF6000,trueorange,ERC721
775,0xedfc4f35060de1a30e08b0d8b9986a4adbdf6c59,gxngyxngeditions,gxngyxngeditions,ERC1155
776,0x3e7fc44e25c07be3d67c241e6e59cb838df2f892,Rags to Richie by Alec Monopoly,rags-to-richie-by-alec-monopoly,ERC721
777,0x223e16c52436cab2ca9fe37087c79986a288fffa,Nickelodeon,nickelodeon-eth,ERC721
778,0xd153f0014db6d1f339c6340d2c9f59214355d9d7,Crypto Hobos,crypto-hobos,ERC721
779,0x9fff0b1a6e9e9554baf3f8a39b6353fda9c30054,killachronicles,killachronicles,ERC1155
780,0x83b070e842adba2397113c4bca70c00d7df00729,Blvck Genesis,blvckgenesis,ERC721
781,0x3598fff0f78dd8b497e12a3ad91febcfc8f49d9e,Private Jet Pyjama Party,pjpp,ERC721
782,0xe39fb076bd6be0bbf400db0dfad28104fdc5ff46,ALPACADABRAZ 3D,alpacadabraz-3d,ERC721
783,0xf1536ab2dd1fc1da5d77fec3ce29537f6ef0634b,C86 Cyborg,c86-cyborg,ERC721
784,0xc8e1de8dc39a758c7a50f659b53f787e0f1398bd,Psychedelics Anonymous Printing Press,psychedelics-anonymous-printing-press,ERC721
785,0x38a6fd7148c4900338e903258b5e289dfa995e2e,Champs Only,champsonly,ERC1155
786,0xc589770757cd0d372c54568bf7e5e1d56b958015,Ordinal Kubz,ordinal-kubz,ERC721
787,0x080ce3620a3cfed6119d6c8db0f9a56e52451729,Satoshi Runners,satoshirunnersofficial,ERC721
788,0x62674b8ace7d939bb07bea6d32c55b74650e0eaa,etherorcsallies,etherorcsallies,ERC721
789,0x05b505f6bda522efd3b5f63b6338f275f14549a2,LandVoucher,matrixworld-landvoucher,ERC721
790,0xb4a7d131436ed8ec06ad696fa3bf8d23c0ab3acf,MONGS,mongs-nft,ERC721
791,0xa5ae87b40076745895bb7387011ca8de5fde37e0,Bubblegum Kids,bubblegumkids,ERC721
792,0x772c9181b0596229ce5ba898772ce45188284379,Sad Frogs District,sad-frogs-district,ERC721
793,0x8754f54074400ce745a7ceddc928fb1b7e985ed6,EulerBeats,eulerbeats,ERC1155
794,0x10cdcb5a80e888ec9e9154439e86b911f684da7b,FVCK_AVATAR//,lvcidiaavatars,ERC721
795,0x2dd3773401485fcff077a99e2f6a40c22ee6966e,MetaMansions,metamansionsbykeys,ERC721
796,0x0747118c9f44c7a23365b2476dcd05e03114c747,Shields,shields,ERC721
797,0xa351b769a01b445c04aa1b8e6275e03ec05c1e75,Ethernal Elves,ethernalelves,ERC721
798,0xc5ae96ef99832e0cb8409877f47fbfed97004b79,Yung Ape Squad,yungapesquad,ERC721
799,0x905b180268f2773022e1a10e204b0858b2e60dcf,Pulsquares,pulsquares,ERC721
800,0xd0fabbba5fd95411a07bb2fdcf31295639376937,Cel Mates Crime Reports,cel-mates-crime-reports,ERC721
801,0x82262bfba3e25816b4c720f1070a71c7c16a8fc4,Solvency by Ezra Miller,solvency-by-ezra-miller,ERC721
802,0x01ea0a1c4cf5d6d948320ff16b1b6b972626e599,Hikari,hikarinftofficial,ERC721
803,0xca52c16c468624b78bd52431eb1b6856d38e61ff,Ugly People,ugly-people-torrealba,ERC721
804,0x492ac8967f3cabab2afbb971b2e5981399f11f2a,Little Tinas Fantasy - Phase II,little-tinas-fantasy-phase-ii,ERC721
805,0x74f1716a9f452dd36d945368d806cd491290b240,Angry Ape Army Evolution Collection,angry-ape-army-evolution-collection,ERC721
806,0x620b70123fb810f6c653da7644b5dd0b6312e4d8,Space Doodles,space-doodles-official,ERC721
807,0xcaace84b015330c0ab4bd003f6fa0b84ec6c64ac,Flower Fam,flowerfam-fam-official,ERC721
808,0x3e6046b4d127179f0a421f3148b43cf52c08fc41,You,bff-you,ERC721
809,0x6b00de202e3cd03c523ca05d8b47231dbdd9142b,Tom Sachs Rockets,tom-sachs-rockets,ERC721
810,0x33a4cfc925ad40e5bb2b9b2462d7a1a5a5da4476,PILLS,pills,ERC1155
811,0x33e1977d6593050520b1fe2d5c586376ad07046d,BVGARDEN,bvgarden,ERC721
812,0x9251dec8df720c2adf3b6f46d968107cbbadf4d4,1337 skulls,1337-skulls,ERC721
813,0x031920cc2d9f5c10b444fd44009cd64f829e7be2,CryptoZunks,zunkz,ERC721
814,0x26eeb71350d60466ab18c8cbac1ea2d58c39c140,Alfa Card,alfa-pass,ERC721
815,0x00abdb2fbbc763b6b4a8700e10550ad74dac4d43,Bibiz,thebibiz,ERC721
816,0xa74e199990ff572a320508547ab7f44ea51e6f28,CryptoBeasts,cryptobeasts-official,ERC721
817,0x090f688f0c11a8671c47d833af3cf965c30d3c35,DeadFrenz Pass,deadfrenz-lab-access-pass,ERC1155
818,0x1a178cfd768f74b3308cbca9998c767f4e5b2cf8,Zer0 Name Service,wilderbeasts-wolf,ERC721
819,0xe0c3707acb7ce96345ef4eaebf4029c0138ca685,YOUR MOMS HOUSE,nostalgia-key,ERC721
820,0xb283dbacecd75594b66039a341a48db2d85fa37a,Iron Paw Gang,ironpawgang,ERC721
821,0xcf514faa49cb3133275eb4c9420e4161970ee806,Sacred Skulls,sacred-skulls-official,ERC721
822,0x92c93fafc20fe882a448f86e594d9667259c42c8,CubeX NFTs,cube-x-official,ERC721
823,0xe17827609ac34443b3987661f4e037642f6bd9ba,Shellz Orb,shellzorb,ERC721
824,0x837704ec8dfec198789baf061d6e93b0e1555da6,Evaverse,evaverse,ERC721
825,0x79f1c4cf7266746698e91034d658e56913e6644f,METASAMURAI,metasamurai-official,ERC721
826,0x2b841d4b7ca08d45cc3de814de08850dc3008c43,Skulltoons,skulltoonsbytheodoru,ERC721
827,0xf3ae416615a4b7c0920ca32c2dfebf73d9d61514,ChiptoPunks,chiptos,ERC721
828,0x8b634b2ae70e338865bf9741b4ae935adf2b4c55,nothings,begin-as-nothing,ERC721
829,0xa0c38108bbb0f5f2fb46a2019d7314cce38f3f22,ArcadeNFT,arcadenft,ERC721
830,0x01f74df24e81c8ae5eb1ff6642283c10e022fb56,friendsies nft,friendsies-nft,ERC1155
831,0xc4a0b1e7aa137ada8b2f911a501638088dfdd508,UninterestedUnicorns,ununicornsofficial,ERC721
832,0x31c823260528ba98e3bf797b2add2302af097392,Voxel Ville,voxel-ville-official,ERC721
833,0x91673149ffae3274b32997288395d07a8213e41f,JunkYardDogs,junkyarddogs,ERC721
834,0x36d02dcd463dfd71e4a07d8aa946742da94e8d3a,SympathyForTheDevils,sympathyforthedevils,ERC721
835,0x8009250878ed378050ef5d2a48c70e24eb2ede7e,Solarbots,solarbots-io,ERC721
836,0x7dd04448c6cd405345d03529bff9749fd89f8f4f,Crypto-Pills by Micha Klein,crypto-pills-by-micha-klein,ERC721
837,0xfb9e9e7150ccebfe42d58de1989c5283d0eaab2e,Degenz,degenz,ERC721
838,0xa65ba71d653f62c64d97099b58d25a955eb374a0,NeoTokyoPunks,neo-tokyo-punks-nft,ERC721
839,0x258aeac01672e6857972707fc129a6a39d09758b,Cryptowalkers,walkerworldgenesiswalkers,ERC721
840,0x322f5577807185adaf3fa6512a7ccbbc32670c55,FoxGame,foxgame,ERC721
841,0xa5bb28eecc6134f89745e34ec6ab5d5bcb16dad7,Cheers UP Period,cheers-up-period,ERC721
842,0x42f1654b8eeb80c96471451b1106b63d0b1a9fe1,Chubbiverse Frens,chubbiverse-frens,ERC721
843,0x90cfce78f5ed32f9490fd265d16c77a8b5320bd4,Fomo Dog,fomo-dog-club,ERC721
844,0xae3d8d68b4f6c3ee784b2b0669885a315ba77c08,RTFKT PUNK PROJECT Gen1,rtfkt-punk-project-gen1,ERC721
845,0x8cd3cea52a45f30ed7c93a63fb2b5c13b453d5a1,Rebel Society,rebelsociety,ERC721
846,0x6f24a2a5ecfffb0610f69929e9aa7fcef441897a,Syn City Genesis Passes,mobland-genesis-synr-pass,ERC721
847,0xd04ff5e94340a2e1d913c3728a12b210c5d5bb2d,OPEN EDITION BY KEVIN ABOSCH,open-edition-by-kevin-abosch,ERC721
848,0xa8824eee90ca9d2e9906d377d36ae02b1ade5973,DigiDaigakuSpirits,digidaigakuspirits,ERC721
849,0x28ce223853d123b52c74439b10b43366d73fd3b5,TGLP Genesis,tglp-genesis,ERC721
850,0x705b9dbd0d5607beafe12e2fb74d64268d3ba35f,y00ts Yacht Club,y00ts-yacht-club,ERC721
851,0x7feb477600a03fd6ab1fe451cb3c7836a420f4ad,White Sands Parcel Pass,white-sands-parcel-pass,ERC721
852,0x1b41d54b3f8de13d58102c50d7431fd6aa1a2c48,Pirate,piratenation,ERC721
853,0xfbfea4a683d37bf68301f6a9acf7e647bfa8e1a7,SUPERPLASTIC: HEADTRIPZ,headtripz,ERC1155
854,0x47bd71b482b27ebdb57af6e372cab46c7280bf44,Blockchain Miners Club,blockchainminersclubofficial,ERC721
855,0xb6fb14caa60a6b576860959f12aa2d3a8089caa9,Lucky Zeros NFT,lucky-zeros-purebase,ERC721
856,0x1bf47e4f2e9078c30914e33134b21c952b55c64b,plugpass,plugpass,ERC1155
857,0x5b7622ded96511639ddc12c86eb2703331ca2c78,0xOG by 0xStudio,0xogpass,ERC721
858,0x8d4e2435c262eb6df10e5e4672a8f07e42d8d67e,Cryptorayrays,cryptorayrays-collection,ERC721
859,0xf5c6376d88033cfa67a442893f77cbc27a563dd1,alinft-official,alinft-official,ERC721
860,0x6fc3ad6177b07227647ad6b4ae03cc476541a2a0,DarkEchelon,darkechelon,ERC721
861,0x0b0b186841c55d8a09d53db48dc8cab9dbf4dbd6,Satoshibles,satoshibles,ERC721
862,0xe24e4d4535f504d6d7957356534e23b4e787289f,Super Ordinary Villains,super-ordinary-villains-genesis,ERC721
863,0x56681458e00cafe1206313d2d033946f458fdefd,COOLDOGS,cooldogsofficial,ERC721
864,0x87c4ba6f6ee73e0d420eb56c54243a5ae486e51b,The Lobstars,thelobstars,ERC721
865,0x249aeaa7fa06a63ea5389b72217476db881294df,Theirsverse Official,theirsverse-official,ERC721
866,0xdebbc3691d42090d899cafe0c4ed80897a7c9d6a,Fluffy Polar Bears,fpb-old-collection,ERC721
867,0x1ecfdccf97edd64fb73890ca4541f306456a21ec,Relics Pass,relics-pass,ERC721
868,0xf3dfbe887d81c442557f7a59e3a0aecf5e39f6aa,Treasure,treasure-for-loot,ERC721
869,0xdfe3ac769b2d8e382cb86143e0b0b497e1ed5447,PLUTO,theplutoalliance,ERC721
870,0xe03e4721c75188de6dd9ccf4fc0eb7c81399e305,#boi,the-boi,ERC721
871,0x183368d767b299681fdf660233e39f9f8cf8be3a,Synthetic Dreams,synthetic-dreams,ERC721
872,0x545f0a45ba06c7c5b1a5fb0b29008462ceea07b7,ThePicaroons,the-picaroons,ERC721
873,0x4ec83fb4e8ee6955a5b9bd88d901d232205f5444,THE SECRET SOCIETY XX,the-secret-society-xx-collection,ERC721
874,0x02beed1404c69e62b76af6dbdae41bd98bca2eab,posers,posersnft,ERC721
875,0xa98771a46dcb34b34cdad5355718f8a97c8e603e,EulerBeats: Enigma,eulerbeats-enigma,ERC1155
876,0xb32979486938aa9694bfc898f35dbed459f44424,Nyan Cat,nyan-cat-official,ERC1155
877,0xb336ae11e840e8d38d1453fd3d876cf4797f6716,MetaSniper,metasniper,ERC721
878,0x31d4da52c12542ac3d6aadba5ed26a3a563a86dc,Fly Frogs,fly-frogs,ERC721
879,0xdbb163b22e839a26d2a5011841cb4430019020f9,CryptoCubes,cryptocubes,ERC721
880,0x345974220a845ddeceed011e8e6106b59724b661,NonFungibleHeroes,nfh,ERC721
881,0x438295b5082dc6a0cc50960e3513d5d7f23405c4,Dr.Ji,drjiofficial,ERC721
882,0x19bb64b80cbf61e61965b0e5c2560cc7364c6546,CREYZIES,creyzies,ERC721
883,0x548c407d35cdd3c812458d9ef6d135963f9f7ece,Video Game Dev Squad,kgds,ERC721
884,0x3ed7dfaca773b90da1bc3fa8b04656c917d33afb,Ape Invaders,apeinvaders,ERC721
885,0xfe5a28f19934851695783a0c8ccb25d678bb05d3,CNP Jobs,cnp-jobs,ERC721
886,0xd9ddf01163a45b69b8cdbffd635a7405fb39a516,ikehaya Pass,ikehaya-pass,ERC1155
887,0x07ce5d64b7b845c8ff645e9a3825f94e6bdd82f1,JustCubes,justcubesnft,ERC721
888,0x9b4f76a0f546018ebd3efae281bc7dce65fd528c,AO ArtBall,ao-artball,ERC721
889,0xf026fb5be56ff63e19e9da3236035e80e5780663,ShadowQuest,shadow-quest,ERC721
890,0x5ff0a71977584d9cbe5d5f56e9843cd672672ddd,Women of Crypto,woc-official,ERC721
891,0x597d757f8502f1fe8e7dd6fc7fe884a51c5ae2b9,Live Like A Cat,live-like-a-cat-nekonoyouniikiru,ERC721
892,0xc67b9897d793a823f0e9cf850aa1b0d23e3f8d09,BapesFuture,bapesfuture,ERC721
893,0x6f0365ca2c1dd63473f898a60f878a07e0f68a26,TopDogBeachClub,topdogbeachclub,ERC721
894,0x77654e7e579b3c817a3672c1c66c050058b92b85,TCG World Dragons,tcg-world-dragons,ERC721
895,0xdcf68c8ebb18df1419c7dff17ed33505faf8a20c,Angry Cat,angrycat-official,ERC721
896,0xecf7ef42b57ee37a959bf507183c5dd6bf182081,Josie,josie,ERC721
897,0x370108cf39555e561353b20ecf1eaae89beb72ce,Borpacasso,borpacasso,ERC721
898,0x5c211b8e4f93f00e2bd68e82f4e00fbb3302b35c,Global Citizens,globalcitizenclub,ERC721
899,0x62cdaf466511888792c8c413239baa70f57f1654,Guardians of the Metaverse,guardians-of-the-metaverse,ERC721
900,0x4fe99deb8f0be517c31faaad49b4b054ed28c267,ChainGuardians,chainguardians,ERC721
901,0xeba867502ef59adbd8bc73fbdb531ed9381b5f97,PPA Shuttlepasses,ppa-shuttle-passes,ERC1155
902,0xeb7088423d7f8c1448ef074fc372bc67efa4de44,Toys by 0xTechno,toys-by-0xtechno,ERC721
903,0xe6160325a53de4deca66e3d88d7e4f25040acce0,NFT Sensei,nftsensei,ERC721
904,0x4becbdf97747413a18c5a2a53321d09198d3a100,OkayBearsYachtClub,okaybearsyachtclub,ERC721
905,0xea6504ba9ec2352133e6a194bb35ad4b1a3b68e7,FusionApe,fusionape,ERC721
906,0x127e479ac59a1ea76afdedf830fecc2909aa4cae,Avarik Saga,avariksagauniverse,ERC721
907,0x5b5cf41d9ec08d101ffeeeebda411677582c9448,XANA: Genesis,xana-genesis-old,ERC721
908,0xaabc3aef1ce0d23eeaabfc7c6cd9043fcebf7400,DigiDaigaku Dragon Eggs,digidaigakudragoneggs,ERC721
909,0xcd1f6be81f1dc58558f44bbc5ca4cc43cbb1ec05,PUMA Nitro Collection,pumapass,ERC721
910,0x497b54355043e7a0d06bf5e3c20cecf859fcc0a8,VIVID,vividlimited,ERC721
911,0x82c708379490f88d0d751d87610fd03f6f51a761,Kibatsu Mecha,kibatsu-mecha,ERC721
912,0xfd1076d80fff9dc702ae9fdfea0073467b9b3fb7,Spooky Boys Country Club,spooky-boys-country-club-by-holyghost,ERC721
913,0x96ed81c7f4406eff359e27bff6325dc3c9e042bd,WeirdWhales,weirdwhales,ERC721
914,0x98ff4553a3dcbf5e4ff8b5d4cc6fb763b6f20174,MegaCryptoPolis,megacryptopolis,ERC721
915,0x5298c6d5ac0f2964bbb27f496a8193ce78e8a8e6,TheEnigma,theenigma,ERC721
916,0x96316355c44be69414756d6706c61e61aecbd5f3,Cosmic Labs,cosmicduckstofuse,ERC721
917,0xd5563069c97976ee8ab817a7218f213a6bb467a1,Persistence of Time by anon,persistence-of-time-by-kush,ERC721
918,0xabefbc9fd2f806065b4f3c237d4b59d9a97bcac7,Zora,zora,ERC721
919,0x6c7b6cc55d4098400ac787c8793205d3e86c37c9,JOYWORLD S2,joyworld-s2,ERC721
920,0xbeb1d3357cd525947b16a9f7a2b3d50b50b977bd,HUXLEY Robots,huxley-robots,ERC721
921,0xd10ea170fcfd4d6f2c9fd7a596d7b0ba10a52648,Weather Report,weathereportofficial,ERC721
922,0xcefc0a83564dd2a083b83b4a73bbae97e40fa7ea,Coalition Crew 2.0,coalition-crew-2-0,ERC721
923,0x9ee36cd3e78badcaf0cbed71c824bd8c5cb65a8c,Elderly Ape Retirement Club,earc,ERC721
924,0xb1093f00dff1cbad4709ba7ce82c3dc9ad839c36,Beepos,beepos,ERC721
925,0x8e37ddc122cc8af0a47785d060e091d1fbd94941,PLUR,plurofficial,ERC721
926,0x18cb9db75fa62a9717aa98292b939e579b7c7ccd,PropertyNFT,propertysofficial,ERC721
927,0x2a459947f0ac25ec28c197f09c2d88058a83f3bb,Stickmen Toys,stickmentoys,ERC721
928,0x943cc300dd938d8490d33d794507fedc25c49002,UninterestedUnicorns,unicornsmoved,ERC721
929,0x93317e87a3a47821803caadc54ae418af80603da,Cameo Pass,cameo-pass,ERC1155
930,0x19d84b2a4b21910339af097a1bddb48682d6f47d,Dead Army Skeleton Klub,dask-dead-army-skeleton-klub,ERC721
931,0xce6e3a14b5f8ce2b05af0f117dc922769779aa3b,MEGAMI,megaminft,ERC721
932,0x14c4471a7f6dcac4f03a81ded6253eaceff15b3d,Fyat Lux,fyat-lux-dawn,ERC721
933,0x79da5fa272e8fb280cee4d0649aa6a9e4e62ceb0,Wall Street Bulls,wall-street-bulls,ERC721
934,0x3f0785095a660fee131eebcd5aa243e529c21786,Super Yeti,superyeti,ERC721
935,0x9370045ce37f381500ac7d6802513bb89871e076,Ape Hater Club,apehaterclub,ERC721
936,0x06b3fcc9e79d724a08012f0b9f71bd03b415d334,Never Fear Truth,never-fear-truth-by-jd,ERC721
937,0x6af88a2b51d37dd80b59cda3aaac55ee34c6ea07,Raft,castaways-the-raft,ERC721
938,0x130cfab3817467f532c179d4e6502f5a7e7d44c7,Kith Friends,kith-friends,ERC1155
939,0x329fa32f6520fb67bb3c1fc3a6909beb8239544c,COBI,citizens-of-bulliever-island,ERC721
940,0xa32422dfb5bf85b2084ef299992903eb93ff52b0,Animonkeys,animonkeys,ERC721
941,0x28c6ea3f9cf9bc1a07a828fce1e7783261691b49,Beyond Earth Land,beyond-earth-land,ERC721
942,0xf4eac65bbc94e3be2e3674992c31781032a6d793,The Uncanny Country Club,the-uncanny-country-club,ERC721
943,0x7a3b97a7400e44dadd929431a3640e4fc47daebd,Apes In Space,apes-in-space-nft,ERC721
944,0x34b09150783499056b2e04a94c25814fe6ac1c7b,Project 0xD38,project-0xd38,ERC721
945,0x4372f4d950d30c6f12c7228ade77d6cc019404c9,Alpha Shark,alpha-shark,ERC721
946,0x455c732fee7b5c3b09531439b598ead4817d5274,adidascapsule,adidascapsule,ERC721
947,0xccc1825cf04cae4d497b202d1434ec0f79ee535f,Kagami,10ktf-kagami,ERC721
948,0x57fbb364041d860995ed610579d70727ac51e470,MadRabbitsRiotClub,madrabbitsriotclub,ERC721
949,0xf8d4fef9af82de6e57f6aabafd49ff9730242d75,Space Boo,space-boo-official-nft,ERC721
950,0x7a4d1b54dd21dde804c18b7a830b5bc6e586a7f6,rubber duck bath party,rubber-duck-bath-party,ERC721
951,0xc31085b262b3d57c649f8747e4f083685697176e,Impostors UFO,impostors-ufo,ERC721
952,0xc2f05fd9fe4cfe8f7395ddb220c84d3ef240cf3d,ToolsOfRock,toolsofrock,ERC721
953,0x9ada21a8bc6c33b49a089cfc1c24545d2a27cd81,Project Godjira Genesis,projectgodjiragenesis,ERC721
954,0x9690b63eb85467be5267a3603f770589ab12dc95,ForgottenRunesWarriorsGuild,forgottenruneswarriorsguild,ERC721
955,0xc051aab77edf25119b1a37740636ddbfb803c4e5,Rebel Seals,rebelsclubgenesis,ERC721
956,0x6fad73936527d2a82aea5384d252462941b44042,FLUF World: Scenes and Sounds,fluf-world-scenes-and-sounds,ERC1155
957,0x6fa769eed284a94a73c15299e1d3719b29ae2f52,Brave Frontier Heroes,brave-frontier-heroes,ERC721
958,0xe4cfae3aa41115cb94cff39bb5dbae8bd0ea9d41,COVIDPunks,covidpunksnft,ERC721
959,0xc2610cfa7e117390fe0daec4096f0e8af000db5c,NFT Art,nft-art,ERC721
960,0x657fabdb226abc59227e02e94089afbc67a597fe,"1,989 Sisters",1989-sisters,ERC721
961,0xa66f3bd98b4741bad68bcd7511163c6f855d2129,ImpermanentDigital,impermanent-digital,ERC721
962,0x99ecdf17ded4fcb6c5f0fe280d21f832af464f67,CyberTurtles,cyberturtles-genesis,ERC721
963,0xf4cd7e65348deb24e30dedee639c4936ae38b763,Galaktic Gang,galaktic-gang,ERC721
964,0x7645eec8bb51862a5aa855c40971b2877dae81af,$LONDON Gift,london-gift-v2,ERC721
965,0x85ed8f10c4889b4bc60400a0c1f796254d35003d,Combat Crates,combat-crates,ERC721
966,0xdecc60000ba66700a009b8f9f7d82676b5cfa88a,Settlements,settlements-legacy,ERC721
967,0x86fc6f6c6702cef7d3bae87ef41256715416db71,Jadu AVA,jadu-ava,ERC721
968,0x51ae5e2533854495f6c587865af64119db8f59b4,PunkScape,punkscapes,ERC721
969,0xcfbc9103362aec4ce3089f155c2da2eea1cb7602,CryptoCrystal,cryptocrystal,ERC721
970,0xc8a75cfe4a0b9362ff2e201f960549e875b10e2d,Singularity by AIIV,thesingularity,ERC721
971,0x12632d6e11c6bbc0c53f3e281ea675e5899a5df5,STOICS,thestoics,ERC721
972,0x730151b8286ca0508a19a9d5c47fe91fdd9a6737,nifty island legendary palms,nifty-island-legendary-palms,ERC1155
973,0x51992c5cd2e8a282d5fd21731af6bfaa0c0b1e57,Mint Pass Mexico City | MPMX,mint-pass-mexico-city-mpmx,ERC721
974,0x3cf57cc9cf5263748c6f926ff498ac0c6f95b26e,Leave Me Alone,leave-me-alone-nft,ERC721
975,0x97a923ed35351a1382e6bcbb5239fc8d93360085,Champions,cryptochampionsnft,ERC721
976,0x8338d085aae3ac048b9e1de285fdef508ce73e45,Loveless City Metropass,lovelesscitymetropass,ERC721
977,0xbc17cd7f1a58bda5d6181618090813b3050416b5,Framergence,framergence,ERC721
978,0x03b8d129a8f6dc62a797b59aa5eebb11ad63dada,SMOWL,smowl,ERC721
979,0xcf8896d28b905cefd5ffbddd5dbfa0eeff8d938b,Apiens,apiens-main-collection,ERC721
980,0xad4d85257c815a4b2c7088a664e958b035b24323,Demonized Azuki,dezuki,ERC721
981,0x92133e21fff525b16d1edcf78be82297d25d1154,Daz3D Non-Fungible People,non-fungible-people-daz3d,ERC721
982,0xd62899a44ddd9c57a5320d86c421123f8ec4c6bf,Lofi Originals,lofi-originals,ERC721
983,0x828b78e11bc6a061b8b1ab9cf29c68ed6abb247b,makc m1,makc-m1,ERC721
984,0x11ca9693156929ee2e7e1470c5e1a55b413e9007,Psilocybin,psychedelics-anonymous-psilocybin,ERC721
985,0x63658cc84a5b2b969b8df9bea129a1c933e1439f,KLEEE02,kleee02,ERC721
986,0x205a10c241ca38918d3790c89f16675cc46d10a9,Distortion,distortion-genesis,ERC721
987,0xff72f37aa4eae3b7e1752e25db85b209f12c1a33,TABZ,tabz,ERC721
988,0x7a1f56f9641d7bd8c57f0909959c894c97e39beb,Notorious Alien Space Agents,notorious-alien-space-agents,ERC721
989,0x93a796b1e846567fe3577af7b7bb89f71680173a,ChainFaces Arena,chainfaces-arena,ERC721
990,0x48e934457d3082cd4068d10c80daace98378409f,On the Edge of Oblivion,on-the-edge-of-oblivion,ERC721
991,0xe1dc516b1486aba548eecd2947a11273518434a4,The Grapes,the-grapes,ERC721
992,0x884ba86faa29745b6c40b7098567a393e91335cf,Saved Souls,savedsouls,ERC721
993,0xf4121a2880c225f90dc3b3466226908c9cb2b085,Shonen Junk,shonen-junk-official,ERC721
994,0xbb3d13260b3f6893ace34a4284be70eccf4cc0f1,Long Neckie Ladies,long-neckie-ladies,ERC721
995,0x9d8826881a2beab386a7858e59c228a85b3963e1,GenesisBloodshedBears,genesisbloodshedbears,ERC721
996,0xea917326e8a95299c02655fe947962c43a11487f,Artie,artie-season-1-supercute,ERC721
997,0x65c5493e6d4d7bf2da414571eb87ed547eb0abed,Yeti Town,yeti-town,ERC721
998,0xd6f4a923e2ecd9ab7391840ac78d04bfe40bd5e1,Budverse Cans - Heritage Edition,budverse-cans-heritage-edition,ERC721
999,0xfefec50e21ed1e32223bb9d08e01b381bf1d8abc,Modern Muse: Marilyn Monroe x Zeblocks Mint Pass,modern-muse-marilyn-monroe-x-zeblocks-mint-pass,ERC721
1000,0xd186db306f8bbdd515663e3880b2a94c16fa58b2,Mirakai Scrolls,mirakai-scrolls,ERC721
